﻿"id","user_name","status","message"
194,"battlestudies1","10","Success"
195,"syokugeki_off","10","Success"
196,"anime_kimimachi","10","Success"
197,"jujutsu_PR","10","Success"
199,"whistle_24","10","Success"
200,"TrinitySeven_PR","10","Success"
201,"hinomaru_zumou","10","Success"
202,"anime_shingeki","10","Success"
203,"uchu_kyodai","10","Success"
204,"nura_gumi","10","Success"
210,"Ushitora_TV","10","Success"
211,"revisions_PR","10","Success"
212,"berserk_project","10","Success"
213,"BONOBONO_phx","10","Success"
214,"akagi_official_","10","Success"
215,"inu_noitamina","10","Success"
216,"kuroshitsuji2","10","Success"
217,"kakegurui_anime","10","Success"
218,"BO_BOBOBD_BOX","10","Success"
219,"houseki_anime","10","Success"
220,"Bleach_BS","10","Success"
221,"haikyu_com","10","Success"
222,"yakuneba_staff","10","Success"
223,"kiseiju_anime","10","Success"
224,"yuragisou_anime","10","Success"
225,"days_anime","10","Success"
226,"usogui_10th","10","Success"
227,"V_SAGA_ANIME","10","Success"
228,"prison_anime","10","Success"
229,"lagoon_revy","10","Success"
230,"hagaren_anime","10","Success"
231,"yurucamp_anime","10","Success"
232,"higanjima_x","10","Success"
233,"DB30th","10","Success"
235,"conan_file","10","Success"
236,"YouapaAnime","10","Success"
237,"kamuy_official","10","Success"
238,"sounan_desu_ka","10","Success"
239,"borurumu","10","Success"
241,"hypnosismic","10","Success"
242,"mariage_2015","10","Success"
243,"ST_daikokuten","10","Success"
244,"iamaheromovie","10","Success"
245,"yu_gi_oh_jp","10","Success"
247,"batuque_yj","10","Success"
248,"BKMNGTR_IxI","10","Success"
249,"satanophany_k","10","Success"
250,"akunohana_anime","10","Success"
252,"Beastars_WC","10","Success"
253,"animerurumo","10","Success"
254,"koenokatachi_M","10","Success"
255,"watashinoshonen","10","Success"
256,"KOBAN_JOSHI","10","Success"
258,"hunter_anime","10","Success"
259,"rikudou_yj","10","Success"
260,"smile_at_the_r","10","Success"
261,"mushishi_anime","10","Success"
262,"bokuben_anime","10","Success"
268,"mashironooto","10","Success"
269,"giant_killing_","10","Success"
270,"tkg_official","10","Success"
271,"G_THE_ORIGIN","10","Success"
272,"zetchil_kousiki","10","Success"
273,"myheroacademia","10","Success"
274,"toriko_info","10","Success"
275,"BTOOOM_anime","10","Success"
276,"kimetsu_off","10","Success"
277,"dororo_anime","10","Success"
278,"orient_magazine","10","Success"
279,"harem_official_","10","Success"
280,"Minamike_YM","10","Success"
281,"mirai_nikki","10","Success"
282,"youjosenki","10","Success"
283,"myhomehero","10","Success"
284,"eva_information","10","Success"
285,"W_Trigger_off","10","Success"
286,"heros_ultraman","10","Success"
287,"GANTZ_X_Proj","10","Success"
288,"soutenregenesis","10","Success"
289,"wc_mairuma","10","Success"
290,"brkmn_anime","10","Success"
291,"nhk_rinne","10","Success"
292,"major2nd_tv","10","Success"
293,"tenipuri_staff","10","Success"
294,"bebluesgame","10","Success"
295,"kekkaisensen","10","Success"
297,"blackclover_off","10","Success"
298,"nobuconofficial","10","Success"
299,"takagi3_anime","10","Success"
300,"ruroken_anime","10","Success"
302,"hi_score_girl","10","Success"
303,"aoex_anime","10","Success"
304,"kenja_no_mago","10","Success"
305,"oofuri_anime","10","Success"
306,"teambaki","10","Success"
307,"ansatsu_k","10","Success"
309,"cityhuntermovie","10","Success"
310,"sengoku_YM","10","Success"
311,"patlabor0810","10","Success"
312,"shigatsuhakimi","10","Success"
314,"Altair_Kyros","10","Success"
315,"sousei_PR","10","Success"
316,"7_taizai","10","Success"
317,"kinnikuman_pr","10","Success"
319,"kindaichi20","10","Success"
320,"over_lord_anime","10","Success"
193,"GoblinSlayer_GA","10","Success"
198,"shieldheroanime","10","Success"
205,"araki_jojo","10","Success"
206,"UQHOLDER_anime","10","Success"
207,"mugen_immortal","10","Success"
208,"piano_anime_tv","10","Success"
209,"MGSanime","10","Success"
234,"toloveru_com","10","Success"
240,"seiya_offcial","10","Success"
246,"project_magi","10","Success"
251,"3x3eyes_genga","10","Success"
257,"hataraku_saibou","10","Success"
263,"neun9_ym","10","Success"
264,"hoshinengi_tv","10","Success"
265,"SIDONIA_anime","10","Success"
266,"ten_sura_anime","10","Success"
267,"bokumachi_anime","10","Success"
296,"maoyu_anime","10","Success"
301,"sewayakisenko","10","Success"
308,"nisekoi_k","10","Success"
313,"kengankai","10","Success"
318,"nankoko_anime","10","Success"
321,"yowapeda_anime","10","Success"
322,"sao_anime","10","Success"
323,"konosubaanime","10","Success"
324,"kyokousuiri_R","10","Success"
325,"AkujoRokudo","10","Success"
326,"tsugumomo_anime","10","Success"
327,"mfg_ym","10","Success"
328,"nube_off","10","Success"
329,"GBGM_official","10","Success"
330,"kaguya_comic","10","Success"
331,"arslan_anime","10","Success"
332,"owarino_seraph","10","Success"
333,"yozakura_anime","10","Success"
334,"shinjuku_swan","10","Success"
335,"STONE_anime_off","10","Success"
336,"dgrayman_anime","10","Success"
337,"428and_tweet","10","Success"
338,"ARIFURETA_info","10","Success"
339,"kurobasanime","10","Success"
340,"initialD_PR","10","Success"
341,"fumetsunoanatae","10","Success"
342,"gintamamovie","10","Success"
343,"noragami_PR","10","Success"
344,"TejinaYm","10","Success"
345,"ahirunosora_tv","10","Success"
346,"OPcom_info","10","Success"
347,"opm_anime","10","Success"
348,"kingdom_yj","10","Success"
349,"anime_ajin","10","Success"
350,"asetosekken","10","Success"
351,"cxw_k","10","Success"
352,"hozukiofficial","10","Success"
353,"masamune_tv","10","Success"
354,"karakuri_anime","10","Success"
355,"mix_ytvanime","10","Success"
356,"3_lion","10","Success"
357,"yuhaku_anime","10","Success"
358,"toaru_project","10","Success"
359,"mobpsycho_anime","10","Success"
360,"saikikusuo_PR","10","Success"
361,"hokuto_revive","10","Success"
362,"magus_bride","10","Success"
363,"himawari_wc","10","Success"
364,"johnwakawaii","10","Success"
365,"aoashiofficial","10","Success"
366,"nozaki_anime","10","Success"
367,"terra_official","10","Success"
368,"diaace_official","10","Success"
369,"knight_ex","10","Success"
370,"saint_oniisan","10","Success"
371,"DriftersAnime","10","Success"
372,"nhk_babysteps","10","Success"
373,"valholl_enart","10","Success"
374,"dome_mousou","10","Success"
375,"5Hanayome_ten","10","Success"
376,"konooto_anime","10","Success"
377,"ezono_official","10","Success"
378,"NARUTO_kousiki","10","Success"
379,"junior_wchamp","10","Success"
380,"onihei_anime","10","Success"
381,"demichan_comic","10","Success"
382,"gineiclub","10","Success"
383,"fairytail_PR","10","Success"
384,"skg20th","10","Success"
