﻿"app_title_code","app_title_name","app_id_ios","app_id_android","hanbai_company_name","service_start_yyyymmdd","service_end_yyyymmdd","service_end_flg","staff_map_code","tag_map_code","auto_collect_flg","invalid_flg","create_user","create_time","update_user","update_time"
"P000000001","進撃の巨人 TACTICS","1276460076","20600011612113","DeNA","20190418","",False,"","",True,False,"情報システム部",2019/09/12,"情報システム部",2019/09/12
"P000000002","ONE PIECE トレジャークルーズ","824116884","20600002942320","BANDAI NAMCO Entertainment","20140511","",False,"","",True,False,"情報システム部",2019/09/12,"情報システム部",2019/09/12
"P000000003","ONE PIECE バウンティラッシュ","1322310031","20600009096919","BANDAI NAMCO Entertainment","20180329","",False,"","",True,False,"情報システム部",2019/09/12,"情報システム部",2019/09/12
"P000000004","ONE PIECE サウザンドストーム","1082959065","20600005456801","BANDAI NAMCO Entertainment","20160420","",False,"","",True,False,"情報システム部",2019/09/12,"情報システム部",2019/09/12
"P000000005","NARUTO -ナルト- 忍コレクション 疾風乱舞","960154916","20600004280659","GREE","20150517","",False,"","",True,False,"情報システム部",2019/09/12,"情報システム部",2019/09/12
"P000000006","NARUTO X BORUTO 忍者BORUTAGE","1276968044","","BANDAI NAMCO Entertainment","20171114","",False,"","",True,False,"情報システム部",2019/09/12,"情報システム部",2019/09/12
"P000000007","NARUTO-ナルト- 疾風伝　ナルティメットブレイジング","1116552660","20600005917343","GREE","20160713","",False,"","",True,False,"情報システム部",2019/09/12,"情報システム部",2019/09/12
"P000000008","七つの大罪 光と闇の交戦 : グラクロ","1268959718","20600008052163","Netmarble","20190212","",False,"","",True,False,"情報システム部",2019/09/12,"情報システム部",2019/09/12
"P000000009","名探偵コナンパズル 盤上の連鎖（クロスチェイン）","","20600008967947","Cybird","20180329","",False,"","",True,False,"情報システム部",2019/09/12,"情報システム部",2019/09/12
"P000000010","BLEACH Brave Souls","1003168863","20600004433488","KLab","20150722","",False,"","",True,False,"情報システム部",2019/09/12,"情報システム部",2019/09/12
"P000000011","ドラゴンボールZ ドッカンバトル","951627670","20600003941869","BANDAI NAMCO Entertainment","20150129","",False,"","",True,False,"情報システム部",2019/09/12,"情報システム部",2019/09/12
"P000000012","ドラゴンボール レジェンズ","1358232022","20600009448838","BANDAI NAMCO Entertainment","20180524","",False,"","",True,False,"情報システム部",2019/09/12,"情報システム部",2019/09/12
"P000000013","転生したらスライムだった件 ～魔国連邦創世記～","1398127680","20600010812998","KICK ASS","20181029","",False,"","",True,False,"情報システム部",2019/09/12,"情報システム部",2019/09/12
"P000000014","ジョジョの奇妙な冒険 ダイヤモンドレコーズ Reversal","1185392094","20600006676888","BANDAI NAMCO Entertainment","20170219","",False,"","",True,False,"情報システム部",2019/09/12,"情報システム部",2019/09/12
"P000000015","ジョジョの奇妙な冒険 スターダストシューターズ","743566134","20600002080511","BANDAI NAMCO Entertainment","20140309","",False,"","",True,False,"情報システム部",2019/09/12,"情報システム部",2019/09/12
"P000000016","EVANGELION　ART","813529855","","FutureScope corp","20140304","",False,"","",True,False,"情報システム部",2019/09/12,"情報システム部",2019/09/12
"P000000017","キン肉マン マッスルショット","943359422","20600004124020","DeNA","20150317","",False,"","",True,False,"情報システム部",2019/09/12,"情報システム部",2019/09/12
"P000000018","幽遊白書 100%本気(マジ)バトル","1272616893","20600010394085","KLab","20180816","",False,"","",True,False,"情報システム部",2019/09/12,"情報システム部",2019/09/12
"P000000019","パチスロ モンキーターン II","834802630","","Ichikaku","20140407","",False,"","",True,False,"情報システム部",2019/09/12,"情報システム部",2019/09/12
"P000000020","パチスロ モンキーターンⅢ","1210292676","","Ichikaku","20170321","",False,"","",True,False,"情報システム部",2019/09/12,"情報システム部",2019/09/12
"P000000022","ブラッククローバー 夢幻の騎士団","1408412715","20600010175406","BANDAI NAMCO Entertainment","20181019","",False,"","",True,False,"情報システム部",2019/09/12,"情報システム部",2019/09/12
"P000000023","ｸﾛｰｽﾞxWORST～打威鳴舞斗～","657316412","20600002039462","KONAMI","20130822","",False,"","",True,False,"情報システム部",2019/09/12,"情報システム部",2019/09/12
"P000000024","新テニスの王子様 RisingBeat","1269417145","20600008681139","Akatsuki Inc","20171126","",False,"","",True,False,"情報システム部",2019/09/12,"情報システム部",2019/09/12
"P000000025","聖闘士星矢 ゾディアック ブレイブ","1064360266","20600005122138","BANDAI NAMCO Entertainment","20160128","",False,"","",True,False,"情報システム部",2019/09/12,"情報システム部",2019/09/12
"P000000026","聖闘士星矢 ギャラクシー スピリッツ【本格ARPG】","1133421998","20600006438867","DeNA","20161102","",False,"","",True,False,"情報システム部",2019/09/12,"情報システム部",2019/09/12
"P000000027","トリニティセブン -夢幻図書館と第7の太陽-","","20600011559966","Avex","20190319","",False,"","",True,False,"情報システム部",2019/09/12,"情報システム部",2019/09/12
"P000000028","MASS FOR THE DEAD","1438596675","20600011417589","Exys Inc","20190221","",False,"","",True,False,"情報システム部",2019/09/12,"情報システム部",2019/09/12
"P000000029","ぱちんこ GANTZ","1170982761","","OK Co.,Ltd","20170110","",False,"","",True,False,"情報システム部",2019/09/12,"情報システム部",2019/09/12
"P000000030","東京喰種 :re invoke","1204036754","","BANDAI NAMCO Entertainment","20170313","",False,"","",True,False,"情報システム部",2019/09/12,"情報システム部",2019/09/12
"P000000031","キングダム セブンフラッグス","1156382893","20600006276185","BANDAI NAMCO Entertainment","20161023","",False,"","",True,False,"情報システム部",2019/09/12,"情報システム部",2019/09/12
"P000000032","キングダム 乱 -天下統一への道-","1208396151","20600008904674","mobcast","20180220","",False,"","",True,False,"情報システム部",2019/09/12,"情報システム部",2019/09/12
"P000000033","キングダム-英雄の系譜-【シミュレーションRPG】","931854667","","DeNA","20150312","",False,"","",True,False,"情報システム部",2019/09/12,"情報システム部",2019/09/12
"P000000034","〈物語〉シリーズ ぷくぷく","1426204975","20600010421059","Aniplex","20180820","",False,"","",True,False,"情報システム部",2019/09/12,"情報システム部",2019/09/12
"P000000036","とある魔術の禁書目録 幻想収束","1446711692","20600011606072","SQUARE ENIX","20190412","",False,"","",True,False,"情報システム部",2019/09/12,"情報システム部",2019/09/12
"P000000037","ソードアート・オンライン インテグラル・ファクター（SAOIF）","1291193987","20600008532612","BANDAI NAMCO Entertainment","20171129","",False,"","",True,False,"情報システム部",2019/09/12,"情報システム部",2019/09/12
"P000000038","ソードアート・オンライン メモリー・デフラグ","1138599575","20600005984415","BANDAI NAMCO Entertainment","20160828","",False,"","",True,False,"情報システム部",2019/09/12,"情報システム部",2019/09/12
"P000000035","NARUTO X BORUTO 忍者BORUTAGE","1276968044","","BANDAI NAMCO Entertainment","20171114","",False,"","",True,True,"情報システム部",2019/09/12,"情報システム部",2019/09/12
"P000000021","ｸﾛｰｽﾞxWORST～打威鳴舞斗～","657316412","20600002039462","KONAMI","20130822","",False,"","",True,True,"情報システム部",2019/09/12,"情報システム部",2019/09/12
