﻿"banner_id","subject","details","thumbnail_file_name","external_site_flg","position","external_site","media_report_code","invalid_flg","create_user","create_time","update_user","update_time"
2,"宝塚歌劇のファン・ファン予備軍についての調査","オリコンリサーチ社による、宝塚歌劇のファン層についてのレポートです。

リンク先よりご確認ください。","宝塚の調査表紙.png",False,2,"","R000000003",False,"情報システム部",2019/08/19 13:27:46.731,"情報システム部",2019/09/20 8:36:16.161
1,"2019年度IPベーシック調査結果","2019年10月にメディア部にて実施したIPベーシック調査を公開しております。
新たに主要10IPのみ、各国の情報をIP別に再編集したデータもご用意いたしましたので、ご活用ください。","IPベーシック調査.png",True,1,"/ipdds/link_collection/#ipbs","",False,"情報システム部",2019/08/19 13:32:15.429,"情報システム部",2019/09/20 8:32:39.836
3,"2020年3月21日～22日の日本国内映画興行収入","先週末（土日の2日間）の日本国内映画興行収入ランキングです。","20200215国内映画ランキング.png",False,3,"","R000000049",False,"情報システム部",2019/08/19 13:28:35.131,"情報システム部 口石",2020/03/26 16:13:03.444
