﻿"core_code","core_name","invalid_flg","create_user","create_time","update_user","update_time"
"000001","バトル・アクション",False,"情報システム部",2020/01/27,"情報システム部",2020/01/27
"000002","スポーツ",False,"情報システム部",2020/01/27,"情報システム部",2020/01/27
"000003","ミステリー・ホラー",False,"情報システム部",2020/01/27,"情報システム部",2020/01/27
"000004","ヒューマンドラマ",False,"情報システム部",2020/01/27,"情報システム部",2020/01/27
"000005","ギャグコメディ",False,"情報システム部",2020/01/27,"情報システム部",2020/01/27
"000006","ファンタジー",False,"情報システム部",2020/01/27,"情報システム部",2020/01/27
"000007","アドベンチャー",False,"情報システム部",2020/01/27,"情報システム部",2020/01/27
"000008","サスペンス",False,"情報システム部",2020/01/27,"情報システム部",2020/01/27
"000009","ラブストーリー",False,"情報システム部",2020/01/27,"情報システム部",2020/01/27
"000010","SF",False,"情報システム部",2020/01/27,"情報システム部",2020/01/27
"000011","芸術・文化・食",False,"情報システム部",2020/01/27,"情報システム部",2020/01/27
"000012","ヒストリー",False,"情報システム部",2020/01/27,"情報システム部",2020/01/27
"000013","アウトロー",False,"情報システム部",2020/01/27,"情報システム部",2020/01/27
"000014","業界物",False,"情報システム部",2020/01/27,"情報システム部",2020/01/27
