﻿"ip_code","ip_name","ip_kana_name","ip_control_flg","invalid_flg","create_user","create_time","update_user","update_time"
"IP00000042","ゴッドハンド輝","ごっどはんどてる",False,False,"情報システム部",2020/01/07,"情報システム部",2020/01/07
"IP00000044","capeta","かぺた",False,False,"情報システム部",2020/01/07,"情報システム部",2020/01/07
"IP00000045","新世紀エヴァンゲリオン","しんせいきえヴぁんげりおん",False,False,"情報システム部",2020/01/07,"情報システム部",2020/01/07
"IP00000046","魔法使いの嫁","まほうつかいのよめ",False,False,"情報システム部",2020/01/07,"情報システム部",2020/01/07
"IP00000048","封神演義","ほうしんえんぎ",False,False,"情報システム部",2020/01/07,"情報システム部",2020/01/07
"IP00000050","幽★遊★白書","ゆうゆうはくしょ",False,False,"情報システム部",2020/01/07,"情報システム部",2020/01/07
"IP00000051","バリバリ伝説","ばりばりでんせつ",False,False,"情報システム部",2020/01/07,"情報システム部",2020/01/07
"IP00000052","約束のネバーランド","やくそくのねばーらんど",False,False,"情報システム部",2020/01/07,"情報システム部",2020/01/07
"IP00000053","機動警察パトレイバー","きどうけいさつぱとれいばー",False,False,"情報システム部",2020/01/07,"情報システム部",2020/01/07
"IP00000054","海皇紀","かいおうき",False,False,"情報システム部",2020/01/07,"情報システム部",2020/01/07
"IP00000055","僕だけがいない街","ぼくだけがいないまち",False,False,"情報システム部",2020/01/07,"情報システム部",2020/01/07
"IP00000056","四月は君の嘘","しがつはきみのうそ",False,False,"情報システム部",2020/01/07,"情報システム部",2020/01/07
"IP00000057","信長協奏曲","のぶながこんつぇると",False,False,"情報システム部",2020/01/07,"情報システム部",2020/01/07
"IP00000059","エリアの騎士","えりあのきし",False,False,"情報システム部",2020/01/07,"情報システム部",2020/01/07
"IP00000060","GS美神　極楽大作戦！！","ごーすとすいーぱーみかみごくらくだいさくせん",False,False,"情報システム部",2020/01/07,"情報システム部",2020/01/07
"IP00000061","モンキーターン","もんきーたーん",False,False,"情報システム部",2020/01/07,"情報システム部",2020/01/07
"IP00000062","今日から俺は！！","きょうからおれは",False,False,"情報システム部",2020/01/07,"情報システム部",2020/01/07
"IP00000063","結界師","けっかいし",False,False,"情報システム部",2020/01/07,"情報システム部",2020/01/07
"IP00000064","らんま1/2","らんまにぶんのいち",False,False,"情報システム部",2020/01/07,"情報システム部",2020/01/07
"IP00000065","トリコ","とりこ",False,False,"情報システム部",2020/01/07,"情報システム部",2020/01/07
"IP00000069","絶対可憐チルドレン","ぜったいかれんちるどれん",False,False,"情報システム部",2020/01/07,"情報システム部",2020/01/07
"IP00000070","アルスラーン戦記","あるすらーんせんき",False,False,"情報システム部",2020/01/07,"情報システム部",2020/01/07
"IP00000072","ドメスティックな彼女","どめすてぃっくなかのじょ",False,False,"情報システム部",2020/01/07,"情報システム部",2020/01/07
"IP00000073","ばらかもん","ばらかもん",False,False,"情報システム部",2020/01/07,"情報システム部",2020/01/07
"IP00000075","ブラッククローバー","ぶらっくくろーばー",False,False,"情報システム部",2020/01/07,"情報システム部",2020/01/07
"IP00000076","青の祓魔師","あおのえくそしすと",False,False,"情報システム部",2020/01/07,"情報システム部",2020/01/07
"IP00000078","惡の華","あくのはな",False,False,"情報システム部",2020/01/07,"情報システム部",2020/01/07
"IP00000079","To LOVEる-とらぶる-","とらぶる",False,False,"情報システム部",2020/01/07,"情報システム部",2020/01/07
"IP00000080","テニスの王子様","てにすのおうじさま",False,False,"情報システム部",2020/01/07,"情報システム部",2020/01/07
"IP00000081","バクマン。","ばくまん",False,False,"情報システム部",2020/01/07,"情報システム部",2020/01/07
"IP00000082","BECK","べっく",False,False,"情報システム部",2020/01/07,"情報システム部",2020/01/07
"IP00000085","終末のハーレム","しゅうまつのはーれむ",False,False,"情報システム部",2020/01/07,"情報システム部",2020/01/07
"IP00000086","RAVE","れいぶ",False,False,"情報システム部",2020/01/07,"情報システム部",2020/01/07
"IP00000087","聲の形","こえのかたち",False,False,"情報システム部",2020/01/07,"情報システム部",2020/01/07
"IP00000088","シュート！","しゅーと",False,False,"情報システム部",2020/01/07,"情報システム部",2020/01/07
"IP00000090","ニセコイ","にせこい",False,False,"情報システム部",2020/01/07,"情報システム部",2020/01/07
"IP00000091","デッドマン・ワンダーランド","でっどまんわんだーらんど",False,False,"情報システム部",2020/01/07,"情報システム部",2020/01/07
"IP00000092","烈火の炎","れっかのほのお",False,False,"情報システム部",2020/01/07,"情報システム部",2020/01/07
"IP00000093","犬夜叉","いぬやしゃ",False,False,"情報システム部",2020/01/07,"情報システム部",2020/01/07
"IP00000094","エア・ギア","えあぎあ",False,False,"情報システム部",2020/01/07,"情報システム部",2020/01/07
"IP00000095","ましろのおと","ましろのおと",False,False,"情報システム部",2020/01/07,"情報システム部",2020/01/07
"IP00000096","BE BLUES！～青になれ～","びーぶるーすあおになれ",False,False,"情報システム部",2020/01/07,"情報システム部",2020/01/07
"IP00000097","魔人探偵脳噛ネウロ","まじんたんていのうかみねうろ",False,False,"情報システム部",2020/01/07,"情報システム部",2020/01/07
"IP00000098","幼女戦記","ようじょせんき",False,False,"情報システム部",2020/01/07,"情報システム部",2020/01/07
"IP00000099","ノラガミ","のらがみ",False,False,"情報システム部",2020/01/07,"情報システム部",2020/01/07
"IP00000100","DEATH NOTE","ですのーと",False,False,"情報システム部",2020/01/07,"情報システム部",2020/01/07
"IP00000101","トリニティセブン　7人の魔書使い","とりにてぃせぶん",False,False,"情報システム部",2020/01/07,"情報システム部",2020/01/07
"IP00000102","鬼滅の刃","きめつのやいば",False,False,"情報システム部",2020/01/07,"情報システム部",2020/01/07
"IP00000103","め組の大吾","めぐみのだいご",False,False,"情報システム部",2020/01/07,"情報システム部",2020/01/07
"IP00000104","あひるの空","あひるのそら",False,False,"情報システム部",2020/01/07,"情報システム部",2020/01/07
"IP00000105","哲也-雀聖と呼ばれた男-","てつやじゃんせいとよばれたおとこ",False,False,"情報システム部",2020/01/07,"情報システム部",2020/01/07
"IP00000106","境界のRINNE","きょうかいのりんね",False,False,"情報システム部",2020/01/07,"情報システム部",2020/01/07
"IP00000107","KING GOLF","きんぐごるふ",False,False,"情報システム部",2020/01/07,"情報システム部",2020/01/07
"IP00000109","D.Gray-man","でぃーぐれいまん",False,False,"情報システム部",2020/01/07,"情報システム部",2020/01/07
"IP00000110","月刊少女野崎くん","げっかんしょうじょのざきくん",False,False,"情報システム部",2020/01/07,"情報システム部",2020/01/07
"IP00000111","Get Backers　奪還屋","げっとばっかーずだっかんや",False,False,"情報システム部",2020/01/07,"情報システム部",2020/01/07
"IP00000113","未来日記","みらいにっき",False,False,"情報システム部",2020/01/07,"情報システム部",2020/01/07
"IP00000115","賭ケグルイ","かけぐるい",False,False,"情報システム部",2020/01/07,"情報システム部",2020/01/07
"IP00000117","BLACK LAGOON","ぶらっくらぐーん",False,False,"情報システム部",2020/01/07,"情報システム部",2020/01/07
"IP00000118","ボールルームへようこそ","ぼーるるーむへようこそ",False,False,"情報システム部",2020/01/07,"情報システム部",2020/01/07
"IP00000119","月光条例","げっこうじょうれい",False,False,"情報システム部",2020/01/07,"情報システム部",2020/01/07
"IP00000120","斉木楠雄のψ難","さいきくすおのさいなん",False,False,"情報システム部",2020/01/07,"情報システム部",2020/01/07
"IP00000122","ANGEL VOICE","えんじぇるぼいす",False,False,"情報システム部",2020/01/07,"情報システム部",2020/01/07
"IP00000125","オーバーロード","おーばーろーど",False,False,"情報システム部",2020/01/07,"情報システム部",2020/01/07
"IP00000127","SAMURAI DEEPER KYO","さむらいでぃーぱーきょー",False,False,"情報システム部",2020/01/07,"情報システム部",2020/01/07
"IP00000128","君のいる町","きみのいるまち",False,False,"情報システム部",2020/01/07,"情報システム部",2020/01/07
"IP00000129","スプリガン","すぷりがん",False,False,"情報システム部",2020/01/07,"情報システム部",2020/01/07
"IP00000130","家庭教師ヒットマンREBORN！","かていきょうしひっとまんりぼーん",False,False,"情報システム部",2020/01/07,"情報システム部",2020/01/07
"IP00000132","血界戦線","けっかいせんせん",False,False,"情報システム部",2020/01/07,"情報システム部",2020/01/07
"IP00000133","まおゆう魔王勇者","まおゆうまおうゆうしゃ",False,False,"情報システム部",2020/01/07,"情報システム部",2020/01/07
"IP00000134","終わりのセラフ","おわりのせらふ",False,False,"情報システム部",2020/01/07,"情報システム部",2020/01/07
"IP00000136","将国のアルタイル","しょうこくのあるたいる",False,False,"情報システム部",2020/01/07,"情報システム部",2020/01/07
"IP00000137","ろくでなしBLUES","ろくでなしぶるーす",False,False,"情報システム部",2020/01/07,"情報システム部",2020/01/07
"IP00000138","BEASTARS","びーすたーず",False,False,"情報システム部",2020/01/07,"情報システム部",2020/01/07
"IP00000140","シグルイ","しぐるい",False,False,"情報システム部",2020/01/07,"情報システム部",2020/01/07
"IP00000142","我妻さんは俺のヨメ","わがつまさんはおれのよめ",False,False,"情報システム部",2020/01/07,"情報システム部",2020/01/07
"IP00000144","今際の国のアリス","いまわのくにのありす",False,False,"情報システム部",2020/01/07,"情報システム部",2020/01/07
"IP00000145","パンプキン・シザーズ","ぱんぷきんしざーず",False,False,"情報システム部",2020/01/07,"情報システム部",2020/01/07
"IP00000146","宇宙兄弟","うちゅうきょうだい",False,False,"情報システム部",2020/01/07,"情報システム部",2020/01/07
"IP00000147","ゴルゴ13","ごるごさーてぃーん",False,False,"情報システム部",2020/01/07,"情報システム部",2020/01/07
"IP00000148","闇金ウシジマくん","やみきんうしじまくん",False,False,"情報システム部",2020/01/07,"情報システム部",2020/01/07
"IP00000149","美味しんぼ","おいしんぼ",False,False,"情報システム部",2020/01/07,"情報システム部",2020/01/07
"IP00000150","GIANT KILLING","じゃいあんときりんぐ",False,False,"情報システム部",2020/01/07,"情報システム部",2020/01/07
"IP00000151","ベルセルク","べるせるく",False,False,"情報システム部",2020/01/07,"情報システム部",2020/01/07
"IP00000152","沈黙の艦隊","ちんもくのかんたい",False,False,"情報システム部",2020/01/07,"情報システム部",2020/01/07
"IP00000153","ジパング","じぱんぐ",False,False,"情報システム部",2020/01/07,"情報システム部",2020/01/07
"IP00000154","監獄学園","ぷりずんすくーる",False,False,"情報システム部",2020/01/07,"情報システム部",2020/01/07
"IP00000155","頭文字＜イニシャル＞D","いにしゃるでぃー",False,False,"情報システム部",2020/01/07,"情報システム部",2020/01/07
"IP00000156","GANTZ","がんつ",False,False,"情報システム部",2020/01/07,"情報システム部",2020/01/07
"IP00000157","テラフォーマーズ","てらふぉーまーず",False,False,"情報システム部",2020/01/07,"情報システム部",2020/01/07
"IP00000158","インベスターZ","いんべすたーぜっと",False,False,"情報システム部",2020/01/07,"情報システム部",2020/01/07
"IP00000159","ゴールデンカムイ","ごーるでんかむい",False,False,"情報システム部",2020/01/07,"情報システム部",2020/01/07
"IP00000160","寄生獣","きせいじゅう",False,False,"情報システム部",2020/01/07,"情報システム部",2020/01/07
"IP00000161","ミナミの帝王","みなみのていおう",False,False,"情報システム部",2020/01/07,"情報システム部",2020/01/07
"IP00000163","新宿スワン　歌舞伎町スカウトサバイバル","しんじゅくすわんかぶきちょうすかうとさばいばる",False,False,"情報システム部",2020/01/07,"情報システム部",2020/01/07
"IP00000165","あずみ","あずみ",False,False,"情報システム部",2020/01/07,"情報システム部",2020/01/07
"IP00000166","アイアムアヒーロー","あいあむあひーろー",False,False,"情報システム部",2020/01/07,"情報システム部",2020/01/07
"IP00000168","3月のライオン","さんがつのらいおん",False,False,"情報システム部",2020/01/07,"情報システム部",2020/01/07
"IP00000169","嘘喰い","うそくい",False,False,"情報システム部",2020/01/07,"情報システム部",2020/01/07
"IP00000171","代紋＜エンブレム＞TAKE2","えんぶれむていくつー",False,False,"情報システム部",2020/01/07,"情報システム部",2020/01/07
"IP00000172","蒼天航路","そうてんこうろ",False,False,"情報システム部",2020/01/07,"情報システム部",2020/01/07
"IP00000173","ヴィンランド・サガ","う゛ぃんらんどさが",False,False,"情報システム部",2020/01/07,"情報システム部",2020/01/07
"IP00000174","土竜の唄","もぐらのうた",False,False,"情報システム部",2020/01/07,"情報システム部",2020/01/07
"IP00000176","風の大地","かぜのだいち",False,False,"情報システム部",2020/01/07,"情報システム部",2020/01/07
"IP00000177","ピアノの森","ぴあののもり",False,False,"情報システム部",2020/01/07,"情報システム部",2020/01/07
"IP00000178","ワンパンマン","わんぱんまん",False,False,"情報システム部",2020/01/07,"情報システム部",2020/01/07
"IP00000179","医龍-Team Medical Dragon-","いりゅう",False,False,"情報システム部",2020/01/07,"情報システム部",2020/01/07
"IP00000180","亜人","あじん",False,False,"情報システム部",2020/01/07,"情報システム部",2020/01/07
"IP00000182","ウロボロス-警察ヲ裁クハ我ニアリ-","うろぼろすけいさつをさばくはわれにあり",False,False,"情報システム部",2020/01/07,"情報システム部",2020/01/07
"IP00000183","鬼平犯科帳","おにへいはんかちょう",False,False,"情報システム部",2020/01/07,"情報システム部",2020/01/07
"IP00000184","ギャラリーフェイク","ぎゃらりーふぇいく",False,False,"情報システム部",2020/01/07,"情報システム部",2020/01/07
"IP00000185","クッキングパパ","くっきんぐぱぱ",False,False,"情報システム部",2020/01/07,"情報システム部",2020/01/07
"IP00000186","おおきく振りかぶって","おおきくふりかぶって",False,False,"情報システム部",2020/01/07,"情報システム部",2020/01/07
"IP00000187","コウノドリ","こうのどり",False,False,"情報システム部",2020/01/07,"情報システム部",2020/01/07
"IP00000188","盾の勇者の成り上がり","たてのゆうしゃのなりあがり",False,False,"情報システム部",2020/01/07,"情報システム部",2020/01/07
"IP00000189","無限の住人","むげんのじゅうにん",False,False,"情報システム部",2020/01/07,"情報システム部",2020/01/07
"IP00000190","信長のシェフ","のぶながのしぇふ",False,False,"情報システム部",2020/01/07,"情報システム部",2020/01/07
"IP00000191","ヒストリエ","ひすとりえ",False,False,"情報システム部",2020/01/07,"情報システム部",2020/01/07
"IP00000192","JIN-仁-","じん",False,False,"情報システム部",2020/01/07,"情報システム部",2020/01/07
"IP00000193","あせとせっけん","あせとせっけん",False,False,"情報システム部",2020/01/07,"情報システム部",2020/01/07
"IP00000194","乙嫁語り","おとよめがたり",False,False,"情報システム部",2020/01/07,"情報システム部",2020/01/07
"IP00000195","シドニアの騎士","しどにあのきし",False,False,"情報システム部",2020/01/07,"情報システム部",2020/01/07
"IP00000196","聖☆おにいさん","せいんとおにいさん",False,False,"情報システム部",2020/01/07,"情報システム部",2020/01/07
"IP00000197","イムリ","いむり",False,False,"情報システム部",2020/01/07,"情報システム部",2020/01/07
"IP00000198","ザ・ファブル","ざふぁぶる",False,False,"情報システム部",2020/01/07,"情報システム部",2020/01/07
"IP00000199","アカギ","あかぎ",False,False,"情報システム部",2020/01/07,"情報システム部",2020/01/07
"IP00000200","BTOOOM！","ぶとぅーむ",False,False,"情報システム部",2020/01/07,"情報システム部",2020/01/07
"IP00000201","あさひなぐ","あさひなぐ",False,False,"情報システム部",2020/01/07,"情報システム部",2020/01/07
"IP00000202","いぬやしき","いぬやしき",False,False,"情報システム部",2020/01/07,"情報システム部",2020/01/07
"IP00000204","江戸前の旬","えどまえのしゅん",False,False,"情報システム部",2020/01/07,"情報システム部",2020/01/07
"IP00000205","つぐもも","つぐもも",False,False,"情報システム部",2020/01/07,"情報システム部",2020/01/07
"IP00000206","ダンジョン飯","だんじょんめし",False,False,"情報システム部",2020/01/07,"情報システム部",2020/01/07
"IP00000207","へうげもの","へうげもの",False,False,"情報システム部",2020/01/07,"情報システム部",2020/01/07
"IP00000208","賭博黙示録カイジ","とばくもくしろくかいじ",False,False,"情報システム部",2020/01/07,"情報システム部",2020/01/07
"IP00000209","ラストイニング","らすといにんぐ",False,False,"情報システム部",2020/01/07,"情報システム部",2020/01/07
"IP00000211","アクタージュ act-age","あくたーじゅ",False,False,"情報システム部",2020/01/07,"情報システム部",2020/01/07
"IP00000212","憂国のモリアーティ","ゆうこくのもりあーてぃ",False,False,"情報システム部",2020/01/07,"情報システム部",2020/01/07
"IP00000213","怪物事変","ばけものじへん",False,False,"情報システム部",2020/01/07,"情報システム部",2020/01/07
"IP00000214","火ノ丸相撲","ひのまるずもう",False,False,"情報システム部",2020/01/07,"情報システム部",2020/01/07
"IP00000215","賢者の孫","けんじゃのまご",False,False,"情報システム部",2020/01/07,"情報システム部",2020/01/07
"IP00000216","五等分の花嫁","ごとうぶんのはなよめ",False,False,"情報システム部",2020/01/07,"情報システム部",2020/01/07
"IP00000218","かぐや様は告らせたい～天才たちの恋愛頭脳戦～","かぐやさまはこくらせたい",False,False,"情報システム部",2020/01/07,"情報システム部",2020/01/07
"IP00000219","サタノファニ","さたのふぁに",False,False,"情報システム部",2020/01/07,"情報システム部",2020/01/07
"IP00000220","落日のパトス","らくじつのぱとす",False,False,"情報システム部",2020/01/07,"情報システム部",2020/01/07
"IP00000221","異世界迷宮でハーレムを","いせかいめいきゅうではーれむを",False,False,"情報システム部",2020/01/07,"情報システム部",2020/01/07
"IP00000222","空母いぶき","くうぼいぶき",False,False,"情報システム部",2020/01/07,"情報システム部",2020/01/07
"IP00000223","亜人ちゃんは語りたい","でみちゃんはかたりたい",False,False,"情報システム部",2020/01/07,"情報システム部",2020/01/07
"IP00000224","アオアシ","あおあし",False,False,"情報システム部",2020/01/07,"情報システム部",2020/01/07
"IP00000225","マイホームヒーロー","まいほーむひーろー",False,False,"情報システム部",2020/01/07,"情報システム部",2020/01/07
"IP00000226","この音とまれ！","このおととまれ",False,False,"情報システム部",2020/01/07,"情報システム部",2020/01/07
"IP00000227","駆除人","くじょにん",False,False,"情報システム部",2020/01/07,"情報システム部",2020/01/07
"IP00000228","神達に拾われた男","かみたちにひろわれたおとこ",False,False,"情報システム部",2020/01/07,"情報システム部",2020/01/07
"IP00000229","ROUTE END","るーとえんど",False,False,"情報システム部",2020/01/07,"情報システム部",2020/01/07
"IP00000230","異世界のんびり農家","いせかいのんびりのうか",False,False,"情報システム部",2020/01/07,"情報システム部",2020/01/07
"IP00000231","ゆるキャン△","ゆるきゃん",False,False,"情報システム部",2020/01/07,"情報システム部",2020/01/07
"IP00000232","異世界おじさん","いせかいおじさん",False,False,"情報システム部",2020/01/07,"情報システム部",2020/01/07
"IP00000233","ぼくたちは勉強ができない","ぼくたちはべんきょうができない",False,False,"情報システム部",2020/01/07,"情報システム部",2020/01/07
"IP00000234","君が僕らを悪魔と呼んだ頃","きみがぼくらをあくまとよんだころ",False,False,"情報システム部",2020/01/07,"情報システム部",2020/01/07
"IP00000235","なんでここに先生が！？","なんでここにせんせいが",False,False,"情報システム部",2020/01/07,"情報システム部",2020/01/07
"IP00000236","青のフラッグ","あおのふらっぐ",False,False,"情報システム部",2020/01/07,"情報システム部",2020/01/07
"IP00000237","とんがり帽子のアトリエ","とんがりぼうしのあとりえ",False,False,"情報システム部",2020/01/07,"情報システム部",2020/01/07
"IP00000238","からかい上手の高木さん","からかいじょうずのたかぎさん",False,False,"情報システム部",2020/01/07,"情報システム部",2020/01/07
"IP00000239","呪術廻戦","じゅじゅつかいせん",False,False,"情報システム部",2020/01/07,"情報システム部",2020/01/07
"IP00000240","ありふれた職業で世界最強","ありふれたしょくぎょうでせかいさいきょう",False,False,"情報システム部",2020/01/07,"情報システム部",2020/01/07
"IP00000242","ゴブリンスレイヤー","ごぶりんすれいやー",False,False,"情報システム部",2020/01/07,"情報システム部",2020/01/07
"IP00000243","キングダム","きんぐだむ",False,False,"情報システム部",2020/01/07,"情報システム部",2020/01/07
"IP00000244","ドリフターズ","どりふたーず",False,False,"情報システム部",2020/01/07,"情報システム部",2020/01/07
"IP00000245","よつばと","よつばと",False,False,"情報システム部",2020/01/07,"情報システム部",2020/01/07
"IP00000246","鬼灯の冷徹","ほおずきのれいてつ",False,False,"情報システム部",2020/01/07,"情報システム部",2020/01/07
"IP00000247","空挺ドラゴンズ","くうていどらごんず",False,False,"情報システム部",2020/01/07,"情報システム部",2020/01/07
"IP00000248","不滅のあなたへ","ふめつのあなたへ",False,False,"情報システム部",2020/01/07,"情報システム部",2020/01/07
"IP00000249","宝石の国","ほうせきのくに",False,False,"情報システム部",2020/01/07,"情報システム部",2020/01/07
"IP00000250","黒執事","くろしつじ",False,False,"情報システム部",2020/01/07,"情報システム部",2020/01/07
"IP00000251","はたらく細胞","はたらくさいぼう",False,False,"情報システム部",2020/01/07,"情報システム部",2020/01/07
"IP00000252","化物語","ばけものがたり",False,False,"情報システム部",2020/01/07,"情報システム部",2020/01/07
"IP00000253","オリエント","おりえんと",False,False,"情報システム部",2020/01/07,"情報システム部",2020/01/07
"IP00000254","EDENS ZERO","えでんずぜろ",False,False,"情報システム部",2020/01/07,"情報システム部",2020/01/07
"IP00000255","どろろ","どろろ",False,False,"情報システム部",2020/01/07,"情報システム部",2020/01/07
"IP00000256","スラムダンク","すらむだんく",False,False,"情報システム部",2020/01/07,"情報システム部",2020/01/07
"IP00000257","ぬらりひょんの孫","ぬらりひょんのまご",False,False,"情報システム部",2020/01/07,"情報システム部",2020/01/07
"IP00000258","バガボンド","ばかぼんど",False,False,"情報システム部",2020/01/07,"情報システム部",2020/01/07
"IP00000259","ソウルイーター","そうるいーたー",False,False,"情報システム部",2020/01/07,"情報システム部",2020/01/07
"IP00000260","ヘルシング","へるしんぐ",False,False,"情報システム部",2020/01/07,"情報システム部",2020/01/07
"IP00000261","金色のガッシュ！！","こんじきのがっしゅべる",False,False,"情報システム部",2020/01/07,"情報システム部",2020/01/07
"IP00000262","人形の国","にんぎょうのくに",False,False,"情報システム部",2020/01/07,"情報システム部",2020/01/07
"IP00000263","Dr.STONE","どくたーすとーん",False,False,"情報システム部",2020/01/07,"情報システム部",2020/01/07
"IP00000264","虚構推理","きょこうすいり",False,False,"情報システム部",2020/01/07,"情報システム部",2020/01/07
"IP00000265","ULTRAMAN","うるとらまん",False,False,"情報システム部",2020/01/07,"情報システム部",2020/01/07
"IP00000266","100万の命の上に俺は立っている","ひゃくまんのいのちのうえにおれはたっている",False,False,"情報システム部",2020/01/07,"情報システム部",2020/01/07
"IP00000267","この素晴らしい世界に祝福を！","このすばらしいせかいにしゅくふくを",False,False,"情報システム部",2020/01/07,"情報システム部",2020/01/07
"IP00000268","マズ飯エルフと遊牧暮らし","まずめしえるふとゆうぼくくらし",False,False,"情報システム部",2020/01/07,"情報システム部",2020/01/07
"IP00000269","ゆらぎ荘の幽奈さん","ゆらぎそうのゆうなさん",False,False,"情報システム部",2020/01/07,"情報システム部",2020/01/07
"IP00000270","政宗くんのリベンジ","まさむねくんのりべんじ",False,False,"情報システム部",2020/01/07,"情報システム部",2020/01/07
"IP00000271","ランウェイで笑って","らんうぇいでわらって",False,False,"情報システム部",2020/01/07,"情報システム部",2020/01/07
"IP00000272","世話やきキツネの仙狐さん","せわやききつねのせんこさん",False,False,"情報システム部",2020/01/07,"情報システム部",2020/01/07
"IP00000274","アフロ田中","あふろたなか",False,False,"情報システム部",2020/01/07,"情報システム部",2020/01/07
"IP00000275","みなみけ","みなみけ",False,False,"情報システム部",2020/01/07,"情報システム部",2020/01/07
"IP00000276","ハイスコアガール","はいすこあがーる",False,False,"情報システム部",2020/01/07,"情報システム部",2020/01/07
"IP00000277","モブサイコ100","もぶさいこひゃく",False,False,"情報システム部",2020/01/07,"情報システム部",2020/01/07
"IP00000278","灼熱カバディ","しゃくねつかばでぃ",False,False,"情報システム部",2020/01/07,"情報システム部",2020/01/07
"IP00000280","べるぜバブ","べるぜばぶ",False,False,"情報システム部",2020/01/07,"情報システム部",2020/01/07
"IP00000281","ボボボーボ・ボーボボ","ぼぼぼーぼぼーぼぼ",False,False,"情報システム部",2020/01/07,"情報システム部",2020/01/07
"IP00000282","いちご100%","いちごひゃくぱーせんと",False,False,"情報システム部",2020/01/07,"情報システム部",2020/01/07
"IP00000283","ライジングインパクト","らいじんぐいんぱくと",False,False,"情報システム部",2020/01/07,"情報システム部",2020/01/07
"IP00000285","ROOKIES","るーきーず",False,False,"情報システム部",2020/01/07,"情報システム部",2020/01/07
"IP00000286","世紀末リーダー伝たけし！","せいきまつりーだーでんたけし",False,False,"情報システム部",2020/01/07,"情報システム部",2020/01/07
"IP00000287","I's","あいず",False,False,"情報システム部",2020/01/07,"情報システム部",2020/01/07
"IP00000288","BASTARD!! -暗黒の破壊神-","ばすたーどあんこくのはかいしん",False,False,"情報システム部",2020/01/07,"情報システム部",2020/01/07
"IP00000291","ラブひな","らぶひな",False,False,"情報システム部",2020/01/07,"情報システム部",2020/01/07
"IP00000292","BOYS BE…","ぼーいずびー",False,False,"情報システム部",2020/01/07,"情報システム部",2020/01/07
"IP00000293","探偵学園Q","たんていがくえんきゅー",False,False,"情報システム部",2020/01/07,"情報システム部",2020/01/07
"IP00000294","魁!!クロマティ高校","かいくろまてぃこうこう",False,False,"情報システム部",2020/01/07,"情報システム部",2020/01/07
"IP00000295","遊☆戯☆王","ゆうぎおう",False,False,"情報システム部",2020/01/07,"情報システム部",2020/01/07
"IP00000077","クローズ","くろーず",True,False,"情報システム部",2020/01/07,"情報システム部",2020/01/07
"IP00000297","夜桜四重奏 ～ヨザクラカルテット～","よざくらかるてっと",False,False,"情報システム部",2020/01/07,"情報システム部",2020/01/07
"IP00000298","妖怪アパートの幽雅な日常","ようかいあぱーとのゆうがなにちじょう",False,False,"情報システム部",2020/01/07,"情報システム部",2020/01/07
"IP00000299","まじもじるるも","まじもじるるも",False,False,"情報システム部",2020/01/07,"情報システム部",2020/01/07
"IP00000300","怪物王女","かいぶつおうじょ",False,False,"情報システム部",2020/01/07,"情報システム部",2020/01/07
"IP00000301","revisions","りびじょんず",False,False,"情報システム部",2020/01/07,"情報システム部",2020/01/07
"IP00000302","ヒプノシスマイク","ひぷのしすまいく",False,False,"情報システム部",2020/01/07,"情報システム部",2020/01/07
"IP00000304","魔入りました!入間くん","まいりましたいるまくん",False,False,"情報システム部",2020/01/07,"情報システム部",2020/01/07
"IP00000305","ヒマワリ","ひまわり",False,False,"情報システム部",2020/01/07,"情報システム部",2020/01/07
"IP00000306","魔法少女サイト","まほうしょうじょさいと",False,False,"情報システム部",2020/01/07,"情報システム部",2020/01/07
"IP00000307","浦安鉄筋家族","うらやすてっきんかぞく",False,False,"情報システム部",2020/01/07,"情報システム部",2020/01/07
"IP00000308","ジュニオール","じゅにおーる",False,False,"情報システム部",2020/01/07,"情報システム部",2020/01/07
"IP00000309","吸血鬼すぐ死ぬ","きゅうけつきすぐしぬ",False,False,"情報システム部",2020/01/07,"情報システム部",2020/01/07
"IP00000310","六道の悪女たち","りくどうのあくじょたち",False,False,"情報システム部",2020/01/07,"情報システム部",2020/01/07
"IP00000311","センゴク","せんごく",False,False,"情報システム部",2020/01/07,"情報システム部",2020/01/07
"IP00000312","アルキメデスの大戦","あるきめですのたいせん",False,False,"情報システム部",2020/01/07,"情報システム部",2020/01/07
"IP00000313","手品先輩","てじなせんぱい",False,False,"情報システム部",2020/01/07,"情報システム部",2020/01/07
"IP00000314","SEVEN☆STAR","せぶんすたー",False,False,"情報システム部",2020/01/07,"情報システム部",2020/01/07
"IP00000315","ソウナンですか?","そうなんですか",False,False,"情報システム部",2020/01/07,"情報システム部",2020/01/07
"IP00000316","パラレルパラダイス","ぱられるぱらだいす",False,False,"情報システム部",2020/01/07,"情報システム部",2020/01/07
"IP00000317","NeuN","のいん",False,False,"情報システム部",2020/01/07,"情報システム部",2020/01/07
"IP00000318","バジリスク","ばじりすく",False,False,"情報システム部",2020/01/07,"情報システム部",2020/01/07
"IP00000319","MFゴースト","えむえふごーすと",False,False,"情報システム部",2020/01/07,"情報システム部",2020/01/07
"IP00000320","親愛なる僕へ殺意をこめて","しんあいなるぼくへさついをこめて",False,False,"情報システム部",2020/01/07,"情報システム部",2020/01/07
"IP00000321","私の少年","わたしのしょうねん",False,False,"情報システム部",2020/01/07,"情報システム部",2020/01/07
"IP00000322","アンダーニンジャ","あんだーにんじゃ",False,False,"情報システム部",2020/01/07,"情報システム部",2020/01/07
"IP00000323","KING BOTTOM","きんぐぼとむ",False,False,"情報システム部",2020/01/07,"情報システム部",2020/01/07
"IP00000324","蒼穹のアリアドネ","そうきゅうのありあどね",False,False,"情報システム部",2020/01/07,"情報システム部",2020/01/07
"IP00000325","switch","すいっち",False,False,"情報システム部",2020/01/07,"情報システム部",2020/01/07
"IP00000326","双亡亭壊すべし","そうほうていこわすべし",False,False,"情報システム部",2020/01/07,"情報システム部",2020/01/07
"IP00000327","バトルスタディーズ","ばとるすたでぃーず",False,False,"情報システム部",2020/01/07,"情報システム部",2020/01/07
"IP00000328","CITY","してぃ",False,False,"情報システム部",2020/01/07,"情報システム部",2020/01/07
"IP00000329","はじめアルゴリズム","はじめあるごりずむ",False,False,"情報システム部",2020/01/07,"情報システム部",2020/01/07
"IP00000330","ハコヅメ～交番女子の逆襲～","はこづめこうばんじょしのぎゃくしゅう",False,False,"情報システム部",2020/01/07,"情報システム部",2020/01/07
"IP00000331","ハーン -草と鉄と羊-","はーんくさとてつとひつじ",False,False,"情報システム部",2020/01/07,"情報システム部",2020/01/07
"IP00000334","KILLER APE","きらーえいぷ",False,False,"情報システム部",2020/01/07,"情報システム部",2020/01/07
"IP00000335","プラチナエンド","ぷらちなえんど",False,False,"情報システム部",2020/01/07,"情報システム部",2020/01/07
"IP00000336","BOXER's BLAST","ぼくさーずぶらすと",False,False,"情報システム部",2020/01/07,"情報システム部",2020/01/07
"IP00000337","双星の陰陽師","そうせいのおんみょうじ",False,False,"情報システム部",2020/01/07,"情報システム部",2020/01/07
"IP00000338","リクドウ","りくどう",False,False,"情報システム部",2020/01/07,"情報システム部",2020/01/07
"IP00000339","BUNGO -ブンゴ-","ぶんご",False,False,"情報システム部",2020/01/07,"情報システム部",2020/01/07
"IP00000340","銀河英雄伝説","ぎんがえいゆうでんせつ",False,False,"情報システム部",2020/01/07,"情報システム部",2020/01/07
"IP00000341","ドロ刑","どろけい",False,False,"情報システム部",2020/01/07,"情報システム部",2020/01/07
"IP00000342","バトゥーキ","ばとぅーき",False,False,"情報システム部",2020/01/07,"情報システム部",2020/01/07
"IP00000343","TIEMPO -ティエンポ-","てぃえんぽ",False,False,"情報システム部",2020/01/07,"情報システム部",2020/01/07
"IP00000344","とある魔術の禁書目録","とあるまじゅつのいんでっくす",False,False,"情報システム部",2020/01/07,"情報システム部",2020/01/07
"IP00000346","蟲師","むしし",False,False,"情報システム部",2020/01/07,"情報システム部",2020/01/07
"IP00000005","NARUTO","なると",True,False,"情報システム部",2020/01/07,"情報システム部",2020/01/07
"IP00000006","北斗の拳","ほくとのけん",True,False,"情報システム部",2020/01/07,"情報システム部",2020/01/07
"IP00000015","FAIRY TAIL","ふぇありーてーる",True,False,"情報システム部",2020/01/07,"情報システム部",2020/01/07
"IP00000017","ダイヤのA","だいやのえーす",False,False,"情報システム部",2020/01/07,"情報システム部",2020/01/07
"IP00000037","銀の匙","ぎんのさじ",True,False,"情報システム部",2020/01/07,"情報システム部",2020/01/07
"IP00000058","金田一少年の事件簿","きんだいちしょうねんのじけんぼ",True,False,"情報システム部",2020/01/07,"情報システム部",2020/01/07
"IP00000066","るろうに剣心 -明治剣客浪漫譚-","るろうにけんしん",True,False,"情報システム部",2020/01/07,"情報システム部",2020/01/07
"IP00000083","聖闘士星矢","せいんとせいや",True,False,"情報システム部",2020/01/07,"情報システム部",2020/01/07
"IP00000084","魔法先生ネギま！","まほうせんせいねぎま",True,False,"情報システム部",2020/01/07,"情報システム部",2020/01/07
"IP00000112","サイコメトラーEIJI","さいこめとらーえいじ",True,False,"情報システム部",2020/01/07,"情報システム部",2020/01/07
"IP00000121","ケンガンアシュラ","けんがんあしゅら",True,False,"情報システム部",2020/01/07,"情報システム部",2020/01/07
"IP00000123","シティーハンター","してぃーはんたー",True,False,"情報システム部",2020/01/07,"情報システム部",2020/01/07
"IP00000175","サラリーマン金太郎","さらりーまんきんたろう",True,False,"情報システム部",2020/01/07,"情報システム部",2020/01/07
"IP00000181","彼岸島","ひがんじま",True,False,"情報システム部",2020/01/07,"情報システム部",2020/01/07
"IP00000217","善悪の屑","ぜんあくのくず",True,False,"情報システム部",2020/01/07,"情報システム部",2020/01/07
"IP00000241","無職転生","むしょくてんせい",True,False,"情報システム部",2020/01/07,"情報システム部",2020/01/07
"IP00000345","ソードアート・オンライン","そーどあーとおんらいん",True,False,"情報システム部",2020/01/07,"情報システム部",2020/01/07
"IP00000043","ぼのぼの","ぼのぼの",False,False,"情報システム部",2020/01/07,"情報システム部",2020/01/07
"IP00000038","コブラ","こぶら",False,False,"情報システム部",2020/01/07,"情報システム部",2020/01/07
"IP00000031","機動戦士ガンダムシリーズ","きどうせんしがんだむしりーず",True,False,"情報システム部",2020/01/07,"情報システム部",2020/01/07
"IP00000047","キン肉マン","きんにくまん",False,False,"情報システム部",2020/01/07,"情報システム部",2020/01/07
"IP00000049","修羅の門","しゅらのもん",False,False,"情報システム部",2020/01/07,"情報システム部",2020/01/07
"IP00000067","Q.E.D.証明終了","きゅーいーでぃーしょうめいしゅうりょう",False,False,"情報システム部",2020/01/07,"情報システム部",2020/01/07
"IP00000068","カメレオン","かめれおん",False,False,"情報システム部",2020/01/07,"情報システム部",2020/01/07
"IP00000074","タッチ","たっち",True,False,"情報システム部",2020/01/07,"情報システム部",2020/01/07
"IP00000114","スーパードクターK","すーぱーどくたーけー",False,False,"情報システム部",2020/01/07,"情報システム部",2020/01/07
"IP00000126","将太の寿司","しょうたのすし",False,False,"情報システム部",2020/01/07,"情報システム部",2020/01/07
"IP00000347","異世界かるてっと","いせかいかるてっと",True,False,"情報システム部",2020/01/07,"情報システム部",2020/01/07
"IP00000139","ファンタジスタ","ふぁんたじすた",False,False,"情報システム部",2020/01/07,"情報システム部",2020/01/07
"IP00000170","課長島耕作シリーズ","かちょうしまこうさくしりーず",True,False,"情報システム部",2020/01/07,"情報システム部",2020/01/07
"IP00000203","ブラックジャックによろしく","ぶらっくじゃっくによろしく",False,False,"情報システム部",2020/01/07,"情報システム部",2020/01/07
"IP00000019","グラップラー刃牙","ぐらっぷらーばき",False,False,"情報システム部",2020/01/07,"情報システム部",2020/01/07
"IP00000021","MAJOR","めじゃー",False,False,"情報システム部",2020/01/07,"情報システム部",2020/01/07
"IP00000027","魁!!男塾","さきがけおとこじゅく",False,False,"情報システム部",2020/01/07,"情報システム部",2020/01/07
"IP00000035","ジョジョの奇妙な冒険シリーズ","じょじょのきみょうなぼうけんしりーず",False,False,"情報システム部",2020/01/07,"情報システム部",2020/01/07
"IP00000089","コータローまかりとおる!","こーたろーまかりとおる",False,False,"情報システム部",2020/01/07,"情報システム部",2020/01/07
"IP00000108","神さまの言うとおり","かみさまのいうとおり",False,False,"情報システム部",2020/01/07,"情報システム部",2020/01/07
"IP00000124","俺の空","おれのそら",False,False,"情報システム部",2020/01/07,"情報システム部",2020/01/07
"IP00000135","地獄先生ぬ～べ～","じごくせんせいぬーべー",False,False,"情報システム部",2020/01/07,"情報システム部",2020/01/07
"IP00000167","神の雫","かみのしずく",False,False,"情報システム部",2020/01/07,"情報システム部",2020/01/07
"IP00000162","3×3EYES","さざんあいず",False,False,"情報システム部",2020/01/07,"情報システム部",2020/01/07
"IP00000164","東京喰種トーキョーグール","とうきょうぐーる",False,False,"情報システム部",2020/01/07,"情報システム部",2020/01/07
"IP00000273","SHAMAN KING","しゃーまんきんぐ",False,False,"情報システム部",2020/01/07,"情報システム部",2020/01/07
"IP00000284","ホイッスル！","ほいっする",False,False,"情報システム部",2020/01/07,"情報システム部",2020/01/07
"IP00000289","NINKU-忍空-","にんくう",False,False,"情報システム部",2020/01/07,"情報システム部",2020/01/07
"IP00000290","リングにかけろ","りんぐにかけろ",False,False,"情報システム部",2020/01/07,"情報システム部",2020/01/07
"IP00000296","スクールランブル","すくーるらんぶる",False,False,"情報システム部",2020/01/07,"情報システム部",2020/01/07
"IP00000303","ハリガネサービス","はりがねさーびす",False,False,"情報システム部",2020/01/07,"情報システム部",2020/01/07
"IP00000332","ドラゴン桜","どらごんざくら",False,False,"情報システム部",2020/01/07,"情報システム部",2020/01/07
"IP00000333","グラゼニ","ぐらぜに",False,False,"情報システム部",2020/01/07,"情報システム部",2020/01/07
"IP00000032","DRAGON QUESTシリーズ","どらごんくえすとしりーず",True,False,"情報システム部",2020/01/07,"情報システム部",2020/01/07
"IP00000141","GTO","じーてぃーおー",False,False,"情報システム部",2020/01/07,"情報システム部",2020/01/07
"IP00000001","進撃の巨人","しんげきのきょじん",False,False,"情報システム部",2020/01/07,"情報システム部",2020/01/07
"IP00000002","ONE PIECE","わんぴーす",False,False,"情報システム部",2020/01/07,"情報システム部",2020/01/07
"IP00000003","弱虫ペダル","よわむしぺだる",False,False,"情報システム部",2020/01/07,"情報システム部",2020/01/07
"IP00000004","HUNTER×HUNTER","はんたーはんたー",False,False,"情報システム部",2020/01/07,"情報システム部",2020/01/07
"IP00000007","七つの大罪","ななつのたいざい",False,False,"情報システム部",2020/01/07,"情報システム部",2020/01/07
"IP00000008","鋼の錬金術師","はがねのれんきんじゅつし",False,False,"情報システム部",2020/01/07,"情報システム部",2020/01/07
"IP00000009","ベイビーステップ","べいびーすてっぷ",False,False,"情報システム部",2020/01/07,"情報システム部",2020/01/07
"IP00000010","名探偵コナン","めいたんていこなん",False,False,"情報システム部",2020/01/07,"情報システム部",2020/01/07
"IP00000011","強殖装甲ガイバー","きょうしょくそうこうがいばー",False,False,"情報システム部",2020/01/07,"情報システム部",2020/01/07
"IP00000012","BLEACH","ぶりーち",False,False,"情報システム部",2020/01/07,"情報システム部",2020/01/07
"IP00000013","からくりサーカス","からくりさーかす",False,False,"情報システム部",2020/01/07,"情報システム部",2020/01/07
"IP00000014","ブラック・ジャック","ぶらっくじゃっく",False,False,"情報システム部",2020/01/07,"情報システム部",2020/01/07
"IP00000016","うしおととら","うしおととら",False,False,"情報システム部",2020/01/07,"情報システム部",2020/01/07
"IP00000018","ハイキュー！！","はいきゅー",False,False,"情報システム部",2020/01/07,"情報システム部",2020/01/07
"IP00000020","こちら葛飾区亀有公園前派出所","こちらかつしかくかめありこうえんまえはしゅつじょ",False,False,"情報システム部",2020/01/07,"情報システム部",2020/01/07
"IP00000022","DRAGON BALL","どらごんぼーる",False,False,"情報システム部",2020/01/07,"情報システム部",2020/01/07
"IP00000023","僕のヒーローアカデミア","ぼくのひーろーあかでみあ",False,False,"情報システム部",2020/01/07,"情報システム部",2020/01/07
"IP00000024","マギ","まぎ",False,False,"情報システム部",2020/01/07,"情報システム部",2020/01/07
"IP00000025","食戟のソーマ","しょくげきのそーま",False,False,"情報システム部",2020/01/07,"情報システム部",2020/01/07
"IP00000026","銀魂","ぎんたま",False,False,"情報システム部",2020/01/07,"情報システム部",2020/01/07
"IP00000028","転生したらスライムだった件","てんせいしたらすらいむだったけん",False,False,"情報システム部",2020/01/07,"情報システム部",2020/01/07
"IP00000029","黒子のバスケ","くろこのばすけ",False,False,"情報システム部",2020/01/07,"情報システム部",2020/01/07
"IP00000030","暗殺教室","あんさつきょうしつ",False,False,"情報システム部",2020/01/07,"情報システム部",2020/01/07
"IP00000033","CLAYMORE","くれいもあ",False,False,"情報システム部",2020/01/07,"情報システム部",2020/01/07
"IP00000034","ARMS","あーむず",False,False,"情報システム部",2020/01/07,"情報システム部",2020/01/07
"IP00000036","ワールドトリガー","わーるどとりがー",False,False,"情報システム部",2020/01/07,"情報システム部",2020/01/07
"IP00000039","ヒカルの碁","ひかるのご",False,False,"情報システム部",2020/01/07,"情報システム部",2020/01/07
"IP00000040","DAYS","でいず",False,False,"情報システム部",2020/01/07,"情報システム部",2020/01/07
"IP00000041","アイシールド21","あいしーるどにじゅういち",False,False,"情報システム部",2020/01/07,"情報システム部",2020/01/07
