﻿"media_report_code","media_report_name","media_report_category","details","year","invalid_flg","create_user","create_time","update_user","update_time"
"R000000029","2017【NE調査】【テイルズ】【ゲームエイジ総研】ユーザー調査.pdf","個別キャラクター案件","【NE調査】【テイルズ】【ゲームエイジ総研】テイルズオブリンク/アスタリア/ザレイズを中心にしてNEテイルズの市場状況を把握テイルズチャンネル＋の利用状況やニーズから改善ポイントを見出す","2017",False,"情報システム部",2019/07/08 11:25:30,"情報システム部",2019/07/08 11:22:19
"R000000031","2017【CEアジア調査】【ガンダム】【ADK】北米調査.pptx","個別キャラクター案件","【CEアジア調査】【ガンダム】【ADK】10～40代のガンダム潜在顧客層とそのペルソナを把握","2017",False,"情報システム部",2019/07/08 11:25:42,"情報システム部",2019/07/08 11:22:19
"R000000033","2017【？調査】【読広】BNE生活者調査_男性編【対象層別ポイント整理】.pptx","全体案件","【？調査】【読広】「余暇時間」の過ごし方及びエンターテインメントコンテンツの消費傾向について調査を行い、IPの適切な訴求方法を探る","2017",True,"情報システム部",2019/07/08 11:25:53,"情報システム部",2020/02/19 11:22:19
"R000000036","2017【メディア調査】【ADK】子供調査.pdf","全体案件","【メディア調査】【ADK】小中学校男女児に向けた新規IP開発に向け、ヒットIPの必須要素の検証","2017",False,"情報システム部",2019/07/08 11:26:08,"情報システム部",2019/07/08 11:22:19
"R000000037","2017【メディア購入】【eb-i】こどもマーケティング白書2017.pdf","白書系データ","【メディア購入】【eb-i】「コンテンツ視聴/ゲームプレイ/商品/サービス消費/デバイス使用」等のこども世代（5歳～14歳）のエンターテインメント消費傾向を掲載","2017",False,"情報システム部",2019/07/08 11:26:16,"情報システム部",2019/07/08 11:22:19
"R000000038","2017【NE調査】【IPベーシック調査】【ゲームエイジ総研】フルレポート.pdf","IPベーシック調査","【NE調査】【IPベーシック調査】【ゲームエイジ総研】特定41IPのWWマーケットポテンシャル及びローカライズのコストパフォーマンスを検証するため","2017",False,"情報システム部",2019/07/08 11:26:23,"情報システム部",2019/07/08 11:22:19
"R000000039","2016【NE調査】【IPベーシック調査】【ゲームエイジ総研】海外13ヶ国IP受容性調査.pdf","IPベーシック調査","【NE調査】【IPベーシック調査】【ゲームエイジ総研】特定16IPのWWマーケットポテンシャル及びローカライズのコストパフォーマンスを検証","2016",False,"情報システム部",2019/07/08 11:26:41,"情報システム部",2019/07/08 11:26:41
"R000000042","2018【CEアジア調査】【テイルズ・ゴッドイーター】【ゲームエイジ総研】受容性調査.pdf","個別キャラクター案件","【CEアジア調査】【テイルズ・ゴッドイーター】【ゲームエイジ総研】日本のRPGゲームに関する受容性調査","2018",False,"情報システム部",2019/07/08 11:26:41,"情報システム部",2019/07/08 11:26:41
"R000000043","2018【メディア購入】【Gzブレイン】モバイルゲーム白書2019.pdf","白書系データ","【メディア購入】【Gzブレイン】モバイルゲーム全体の市況と代表的なアプリのユーザー情報等","2018",False,"情報システム部",2019/07/08 11:26:41,"情報システム部",2019/07/08 11:26:41
"R000000040","IPベーシック調査","IPベーシック調査","2019年度のIPベーシック調査がまとまりました。※本年度より、メディア部主導の調査となった関係で、例年のフォーマットから多少変更になっているところがございます。リンク先よりご確認ください。","2019",False,"情報システム部",2019/07/08 11:26:41,"情報システム部",2019/07/08 11:26:41
"R000000041","20190914国内映画ランキング.pdf","映画興行収入","2019年9月14日～15日の日本国内映画興行収入ランキングです。","2019",False,"情報システム部",2019/07/08 11:26:41,"情報システム部",2019/07/08 11:26:41
"R000000032","2017【？調査】【読広】BNE生活者調査_男性編.pptx","全体案件","【？調査】【読広】「余暇時間」の過ごし方及びエンターテインメントコンテンツの消費傾向について調査を行い、IPの適切な訴求方法を探る","2017",True,"情報システム部",2019/07/08 11:25:48,"情報システム部",2020/02/19 11:22:19
"R000000034","2017【？調査】【読広】BNE生活者調査_女性編【対象層別ポイント整理】.pptx","全体案件","【？調査】【読広】「余暇時間」の過ごし方及びエンターテインメントコンテンツの消費傾向について調査を行い、IPの適切な訴求方法を探る","2017",True,"情報システム部",2019/07/08 11:25:58,"情報システム部",2020/02/19 11:22:19
"R000000035","2017【？調査】【読広】BNE生活者調査_男性編【一日の過ごし方とIP接点機会】.pptx","全体案件","【？調査】【読広】「余暇時間」の過ごし方及びエンターテインメントコンテンツの消費傾向について調査を行い、IPの適切な訴求方法を探る","2017",True,"情報システム部",2019/07/08 11:26:03,"情報システム部",2020/02/19 11:22:19
"R000000045","20200222国内映画ランキング.pdf","映画興行収入","2020年2月22日～23日の日本国内映画興行収入ランキングです。","2020",False,"情報システム部",2020/02/26 18:00:00,"情報システム部",2020/02/26 18:00:00
"R000000048","20200314国内映画ランキング.pdf","映画興行収入","2020年3月14日～15日の日本国内映画興行収入ランキングです。","2020",False,"情報システム部",2020/03/19 18:00:00,"情報システム部",2020/03/19 18:00:00
"R000000049","20200321国内映画ランキング.pdf","映画興行収入","2020年3月21日～22日の日本国内映画興行収入ランキングです。","2020",False,"情報システム部 口石",2020/03/26 16:12:22.300,"情報システム部 口石",2020/03/26 16:12:22.300
"R000000046","20200229国内映画ランキング.pdf","映画興行収入","2020年2月29日～3月1日の日本国内映画興行収入ランキングです。","2020",False,"情報システム部",2020/03/02 18:00:00,"情報システム部",2020/03/02 18:00:00
"R000000047","20200307国内映画ランキング.pdf","映画興行収入","2020年3月7日～8日の日本国内映画興行収入ランキングです。","2020",False,"情報システム部",2020/03/11 18:00:00,"情報システム部",2020/03/11 18:00:00
"R000000016","2018【メディア購入】【Gzブレイン】ファミ通ゲーム白書2018.pdf","白書系データ","【メディア購入】【Gzブレイン】2017年海外主要地域別のゲーム市場や、ユーザーマーケティング調査など、国内外ゲーム・エンターテイメント業界の最新動向を様々な角度から分析したデータ年鑑","2018",False,"情報システム部",2019/07/08 11:23:58,"情報システム部",2019/07/08 11:22:19
"R000000017","2018【メディア購入】【Gzブレイン】JOGAオンラインゲーム市場調査レポート2018.pdf","白書系データ","【メディア購入】【Gzブレイン】国内のオンラインゲーム市場の全容把握を目的とした資料","2018",False,"情報システム部",2019/07/08 11:24:03,"情報システム部",2019/07/08 11:22:19
"R000000018","2018【メディア購入】【Gzブレイン】中国ゲーム産業史.pdf","白書系データ","【メディア購入】【Gzブレイン】1990年代～現在までの中国ゲーム市場の歴史をまとめた調査レポート","2018",False,"情報システム部",2019/07/08 11:24:09,"情報システム部",2019/07/08 11:22:19
"R000000019","2018【メディア購入】【矢野経済研究所】キャラクタービジネス年鑑2018.pdf","白書系データ","【メディア購入】【矢野経済研究所】日本のキャラクタービジネス市場の現用把握と将来性を展望するため、市場動向と方向性を調査・分析","2018",False,"情報システム部",2019/07/08 11:24:19,"情報システム部",2019/07/08 11:22:19
"R000000020","2018【メディア購入】【eb-i】アニメマーケティング白書2018.pdf","白書系データ","【メディア購入】【eb-i】2016年10月～2017年9月までの地上波放送アニメ200タイトル超の視聴者プロファイルデータまとめ","2018",False,"情報システム部",2019/07/08 11:25:37,"情報システム部",2019/07/08 11:22:19
"R000000021","2018【メディア購入】【eb-i】スマホゲームユーザー分析2018.pdf","白書系データ","【メディア購入】【eb-i】2016年12月～2017年12月の期間中ゲームアプリ市場及び主要ゲームのユーザー分析等を掲載","2018",False,"情報システム部",2019/07/08 11:24:32,"情報システム部",2019/07/08 11:22:19
"R000000022","2018【NE調査】【IPベーシック調査】【ゲームエイジ総研】フルレポート.pdf","IPベーシック調査","【NE調査】【IPベーシック調査】【ゲームエイジ総研】特定45IPのWWマーケットポテンシャル及びプロモーション戦略立案、ローカライズのコストパフォーマンスを検証","2018",False,"情報システム部",2019/07/08 11:24:38,"情報システム部",2019/07/08 11:22:19
"R000000023","2017【CEアジア】【太鼓の達人】【ゲームエイジ総研】ユーザー調査.pdf","個別キャラクター案件","【CEアジア】【太鼓の達人】【ゲームエイジ総研】「太鼓の達人」のデバイス別マーケットポテンシャル調査及びプレイ実態を把握、今後のマーケティング戦略立案の基礎資料","2017",False,"情報システム部",2019/07/08 11:24:46,"情報システム部",2019/07/08 11:22:19
"R000000024","2017【CEアジア調査】【エースコンバット】【ADK】受容性調査.pdf","個別キャラクター案件","【CEアジア調査】【エースコンバット】【ADK】「エースコンバット7」のコミュニケーション設計にあたり、受容層の確認および受容性・受容ポイントを検証","2017",False,"情報システム部",2019/07/08 11:24:52,"情報システム部",2019/07/08 11:22:19
"R000000025","2017【CEアジア調査】【テイルズ・ゴッドイーター】【ゲームエイジ総研】欧米市場受容性調査.pdf","個別キャラクター案件","【CEアジア調査】【テイルズ・ゴッドイーター】【ゲームエイジ総研】コンソール版「テイルズ オブ」（ARISE）の海外マーケティング戦略立案にあたり、最新作のコンセプト受容性/販売予測/ターゲットユーザーのプロファイリング","2017",False,"情報システム部",2019/07/08 11:25:02,"情報システム部",2019/07/08 11:22:19
"R000000026","2017【CEアジア調査】【ゴッドイーター】【ゲームエイジ総研】GER発売後レポート.pdf","個別キャラクター案件","「GOD EATER RESURRECTION」発売後の調査レポート","2017",False,"情報システム部",2019/07/08 11:25:15,"情報システム部",2019/07/08 11:22:19
"R000000027","2017【NE調査】【ドラゴン・ガンダム】【ADK】ペルソナ調査.pdf","個別キャラクター案件","【NE調査】【ドラゴン・ガンダム】【ADK】『ドラゴンボール』『ガンダム』シリーズファンそれぞれの趣味・嗜好、生活意識や購買行動、メディア接触などの傾向を把握し、今後のIP展開の可能性を探る基礎資料","2017",False,"情報システム部",2019/07/08 11:25:20,"情報システム部",2019/07/08 11:22:19
"R000000001","2019【NE調査】【複数IP】【ゲームエイジ総研】特定IP深堀調査.pdf","個別キャラクター案件","【NE調査】【複数IP】【ゲームエイジ総研】ワンピース、ドラゴンボールにおけるWW深堀調査","2019",False,"情報システム部",2019/07/08 11:22:19,"情報システム部",2019/07/08 11:22:19
"R000000002","2019【NE調査】【ワンピ】【ADK】受容性調査.pptx","個別キャラクター案件","【NE調査】【ワンピ】【ADK】「ONE PIECE」（原作/アニメ/MD）の受容実態を検証・把握及び今後のライツマーケティング展開戦略構築に向けた基礎資料","2019",False,"情報システム部",2019/07/08 11:22:27,"情報システム部",2019/07/08 11:22:19
"R000000003","2019【メディア購入】【オリコンリサーチ】宝塚に関する調査.pptx","全体案件","【メディア購入】【オリコンリサーチ】宝塚歌劇のファン・ファン予備軍の特性把握のための基礎資料","2019",False,"情報システム部",2019/07/08 11:22:38,"情報システム部",2019/07/08 11:22:19
"R000000004","2018【CEアジア調査】【ヒロアカ】【電通】ユーザー調査.pptx","個別キャラクター案件","【CEアジア調査】【ヒロアカ】【電通】「僕のヒーローアカデミア」キャンペーン展開に向けてターゲットの把握、訴求点の精査を行い、施策プランニングの参考資料","2018",False,"情報システム部",2019/07/08 11:22:44,"情報システム部",2019/07/08 11:22:19
"R000000005","2018【NE調査】【ミニ四駆】【ADK】市場調査.pptx","個別キャラクター案件","【NE調査】【ミニ四駆】【ADK】ターゲットクラスターの構造・ボリュームを把握/ターゲットとなる層のペルソナ把握","2018",False,"情報システム部",2019/07/08 11:25:36,"情報システム部",2019/07/08 11:22:19
"R000000006","2018【CEアジア調査】【ビリオンロード】【電通】受容性調査.pdf","個別キャラクター案件","【CEアジア調査】【ビリオンロード】【電通】ゲームコンセプトの受容性を測定","2018",False,"情報システム部",2019/07/08 11:22:57,"情報システム部",2019/07/08 11:22:19
"R000000007","2018【メディア調査】【複数IP】【WOWCOM】30IPファン調査.pdf","個別キャラクター案件","【メディア調査】【複数IP】【WOWCOM】マンガ/アニメ/ゲームファンのペルソナ及び特定30IPのファン傾向を調査","2018",False,"情報システム部",2019/07/08 11:23:06,"情報システム部",2019/07/08 11:22:19
"R000000008","2018【メディア調査】【複数IP】【WOWCOM】30IPファン調査追加分.pdf","個別キャラクター案件","【メディア調査】【複数IP】【WOWCOM】30IP調査の追加分","2018",False,"情報システム部",2019/07/08 11:23:12,"情報システム部",2019/07/08 11:22:19
"R000000009","2018【BNEE調査】【複数IP】マンガサーベイ日本語版.pptx","個別キャラクター案件","【BNEE調査】【複数IP】集英社系の少年漫画をメインに32IPの認知度及び漫画ファンの消費行動を分析","2018",False,"情報システム部",2019/07/08 11:23:16,"情報システム部",2019/07/08 11:22:19
"R000000010","2018【BNEE調査】【複数IP】マンガサーベイ英語版.pptx","個別キャラクター案件","【BNEE調査】【複数IP】集英社系の少年漫画をメインに32IPの認知度及び漫画ファンの消費行動を分析（英語版元データ）","2018",False,"情報システム部",2019/07/08 11:23:21,"情報システム部",2019/07/08 11:22:19
"R000000011","2018【NE調査】【ガンダム】【ゲームエイジ総研】【ver1.0】市場調査.pdf","個別キャラクター案件","【NE調査】【ガンダム】【ゲームエイジ総研】ガンダム関連コンテンツ（コンソール、モバイル、アーケード、その他MD商品）への接触状況および態度を元に、ガンダムIPのマーケットポテンシャルを検証し、今後のマーケティング戦略構築のための基礎資料として活用","2018",False,"情報システム部",2019/07/08 11:23:27,"情報システム部",2019/07/08 11:22:19
"R000000030","2017【NE調査】【刃牙】【電通】ユーザー調査.pdf","個別キャラクター案件","【NE調査】【刃牙】【電通】刃牙UCの状況・市場性について調査を行い、現状を把握","2017",False,"情報システム部",2019/07/08 11:25:37,"情報システム部",2019/07/08 11:22:19
"R000000012","2018【CEアジア】【ゴッドイーター】【ゲームエイジ総研】PS4アクションゲームユーザー定量調査.pdf","個別キャラクター案件","【CEアジア】【ゴッドイーター】【ゲームエイジ総研】PS4アクションゲームユーザー定量調査","2018",False,"情報システム部",2019/07/08 11:23:34,"情報システム部",2019/07/08 11:22:19
"R000000044","20200215国内映画ランキング.pdf","映画興行収入","2020年2月15日～16日の日本国内映画興行収入ランキングです。","2020",False,"情報システム部",2020/02/15 11:26:41,"情報システム部",2020/02/15 11:26:41
"R000000014","2018【ライツ購入】【オリコンリサーチ】クロスメディア型アプリ市場調査.pdf","全体案件","【ライツ購入】【オリコンリサーチ】世界的なストリーミング配信サービスの拡大と、国内での今後の展望を探るためユーザーアンケート調査、グループインタビュー等で実態調査を行いサービス拡大のポイントを探る","2018",False,"情報システム部",2019/07/08 11:23:45,"情報システム部",2019/07/08 11:22:19
"R000000015","2018【NE調査】【ゲームエイジ総研】女性向けゲームアプリ受容性調査.pdf","全体案件","【NE調査】【ゲームエイジ総研】女性をターゲットとした2次元関連コンテンツ市場規模（参加人口）を量的に把握、クラスタ別（「夢女子」「腐女子」など）のユーザー属性を把握し、それぞれの重複状況を確認","2018",False,"情報システム部",2019/07/08 11:23:50,"情報システム部",2019/07/08 11:22:19
"R000000013","2018【ライツ購入】【オリコンリサーチ】サブスクリプションユーザー調査.pdf","全体案件","【ライツ購入】【オリコンリサーチ】世界的なストリーミング配信サービスの拡大と、国内での今後の展望を探るためユーザーアンケート調査、グループインタビュー等で実態調査を行いサービス拡大のポイントを探る","2018",False,"情報システム部",2019/07/08 11:23:39,"情報システム部",2019/07/08 11:22:19
"R000000028","2017【NE調査】【ガンダム】【ADK】ユーザー調査.pdf","個別キャラクター案件","【NE調査】【ガンダム】【ADK】ガンダムのネット販売における事業規模を把握し、ユーザーニーズから見た商品訴求ポイントを見出す","2017",False,"情報システム部",2019/07/08 11:25:21,"情報システム部",2019/07/08 11:22:19
