﻿"media_code","media_name","show_flg","priority","invalid_flg","create_user","create_time","update_user","update_time"
"00004","ASUKAファンタジーDX",False,"500",False,"情報システム部",2020/01/31,"情報システム部",2020/01/31
"00003","ARIA",False,"500",False,"情報システム部",2020/01/31,"情報システム部",2020/01/31
"00178","Arcadia",False,"500",False,"情報システム部",2020/01/31,"情報システム部",2020/01/31
"00006","Chara",False,"500",False,"情報システム部",2020/01/31,"情報システム部",2020/01/31
"00007","COMIC FUZ",False,"500",False,"情報システム部",2020/01/31,"情報システム部",2020/01/31
"00008","ComicWalker",False,"500",False,"情報システム部",2020/01/31,"情報システム部",2020/01/31
"00012","MAGCOMI",False,"500",False,"情報システム部",2020/01/31,"情報システム部",2020/01/31
"00013","MANGAオールマン",False,"500",False,"情報システム部",2020/01/31,"情報システム部",2020/01/31
"00014","MFコミックス",False,"500",False,"情報システム部",2020/01/31,"情報システム部",2020/01/31
"00015","MiChao!",False,"500",False,"情報システム部",2020/01/31,"情報システム部",2020/01/31
"00017","Webゴラク",False,"500",False,"情報システム部",2020/01/31,"情報システム部",2020/01/31
"00018","アニメージュコミックス",False,"500",False,"情報システム部",2020/01/31,"情報システム部",2020/01/31
"00019","アニメージュ増刊Noël（ノエル）",False,"500",False,"情報システム部",2020/01/31,"情報システム部",2020/01/31
"00020","アプリ版マンガドア",False,"500",False,"情報システム部",2020/01/31,"情報システム部",2020/01/31
"00025","オール読物",False,"500",False,"情報システム部",2020/01/31,"情報システム部",2020/01/31
"00032","ゲッサン",False,"500",False,"情報システム部",2020/01/31,"情報システム部",2020/01/31
"00033","ゲッサンmini",False,"500",False,"情報システム部",2020/01/31,"情報システム部",2020/01/31
"00035","コミックDAYS",False,"500",False,"情報システム部",2020/01/31,"情報システム部",2020/01/31
"00036","コミックNewtype",False,"500",False,"情報システム部",2020/01/31,"情報システム部",2020/01/31
"00038","コミックタタン",False,"500",False,"情報システム部",2020/01/31,"情報システム部",2020/01/31
"00039","コミックバーズ",False,"500",False,"情報システム部",2020/01/31,"情報システム部",2020/01/31
"00040","コミックフラッパー",False,"500",False,"情報システム部",2020/01/31,"情報システム部",2020/01/31
"00041","コミックライド",False,"500",False,"情報システム部",2020/01/31,"情報システム部",2020/01/31
"00042","コミック電撃だいおうじ",False,"500",False,"情報システム部",2020/01/31,"情報システム部",2020/01/31
"00043","コミック乱",False,"500",False,"情報システム部",2020/01/31,"情報システム部",2020/01/31
"00052","ゼノンコミックス",False,"500",False,"情報システム部",2020/01/31,"情報システム部",2020/01/31
"00057","なかよし",False,"500",False,"情報システム部",2020/01/31,"情報システム部",2020/01/31
"00058","ニコニコ静画",False,"500",False,"情報システム部",2020/01/31,"情報システム部",2020/01/31
"00002","4コマnanoエース",False,"500",False,"情報システム部",2020/01/31,"情報システム部",2020/01/31
"00073","マンガUP!",False,"500",False,"情報システム部",2020/01/31,"情報システム部",2020/01/31
"00074","まんがくらぶ",False,"500",False,"情報システム部",2020/01/31,"情報システム部",2020/01/31
"00075","マンガクロス",False,"500",False,"情報システム部",2020/01/31,"情報システム部",2020/01/31
"00076","まんがタイムきららフォワード",False,"500",False,"情報システム部",2020/01/31,"情報システム部",2020/01/31
"00056","となりのヤングジャンプ",True,"9100",False,"情報システム部",2020/01/31,"情報システム部",2020/01/31
"00051","スーパージャンプ",True,"9110",False,"情報システム部",2020/01/31,"情報システム部",2020/01/31
"00050","ジャンプ改",True,"9120",False,"情報システム部",2020/01/31,"情報システム部",2020/01/31
"00049","ジャンプSQ.RISE",True,"9130",False,"情報システム部",2020/01/31,"情報システム部",2020/01/31
"00048","ジャンプSQ.CROWN",True,"9140",False,"情報システム部",2020/01/31,"情報システム部",2020/01/31
"00047","ジャンプSQ.19",True,"9150",False,"情報システム部",2020/01/31,"情報システム部",2020/01/31
"00046","ジャンプSQ.",True,"9160",False,"情報システム部",2020/01/31,"情報システム部",2020/01/31
"00045","ジャンプLIVE",True,"9170",False,"情報システム部",2020/01/31,"情報システム部",2020/01/31
"00044","ジャンプGIGA",True,"9180",False,"情報システム部",2020/01/31,"情報システム部",2020/01/31
"00030","グランドジャンプ",True,"9190",False,"情報システム部",2020/01/31,"情報システム部",2020/01/31
"00024","オースーパージャンプ",True,"9200",False,"情報システム部",2020/01/31,"情報システム部",2020/01/31
"00022","ウルトラジャンプ",True,"9210",False,"情報システム部",2020/01/31,"情報システム部",2020/01/31
"00016","Vジャンプ",True,"9220",False,"情報システム部",2020/01/31,"情報システム部",2020/01/31
"00055","チャンピオンクロス",True,"8040",False,"情報システム部",2020/01/31,"情報システム部",2020/01/31
"00053","チャンピオンRED",True,"8060",False,"情報システム部",2020/01/31,"情報システム部",2020/01/31
"00010","eヤングマガジン",True,"7150",False,"情報システム部",2020/01/31,"情報システム部",2020/01/31
"00011","good!月刊アフタヌーン",True,"6540",False,"情報システム部",2020/01/31,"情報システム部",2020/01/31
"00009","Ｄモーニング　",True,"6560",False,"情報システム部",2020/01/31,"情報システム部",2020/01/31
"00031","月刊少年ガンガン",True,"6030",False,"情報システム部",2020/01/31,"情報システム部",2020/01/31
"00027","ガンガンYG",True,"6050",False,"情報システム部",2020/01/31,"情報システム部",2020/01/31
"00026","ガンガンONLINE",True,"6060",False,"情報システム部",2020/01/31,"情報システム部",2020/01/31
"00064","ビッグコミックスペシャル",True,"4030",False,"情報システム部",2020/01/31,"情報システム部",2020/01/31
"00063","ビッグコミックスピリッツ",True,"4040",False,"情報システム部",2020/01/31,"情報システム部",2020/01/31
"00062","ビッグコミックオリジナル",True,"4050",False,"情報システム部",2020/01/31,"情報システム部",2020/01/31
"00061","ビッグコミック",True,"4060",False,"情報システム部",2020/01/31,"情報システム部",2020/01/31
"00023","エースアサルト",True,"3050",False,"情報システム部",2020/01/31,"情報システム部",2020/01/31
"00086","ヤングエース",True,"3060",False,"情報システム部",2020/01/31,"情報システム部",2020/01/31
"00029","ガンダムエース",True,"3070",False,"情報システム部",2020/01/31,"情報システム部",2020/01/31
"00021","イブニング",True,"6530",False,"情報システム部",2020/01/31,"情報システム部",2020/01/31
"00078","まんがライフ　",False,"500",False,"情報システム部",2020/01/31,"情報システム部",2020/01/31
"00079","まんがライフオリジナル",False,"500",False,"情報システム部",2020/01/31,"情報システム部",2020/01/31
"00111","月刊コミックガーデン",False,"500",False,"情報システム部",2020/01/31,"情報システム部",2020/01/31
"00112","月刊コミックゼノン",False,"500",False,"情報システム部",2020/01/31,"情報システム部",2020/01/31
"00113","月刊コミックバンチ",False,"500",False,"情報システム部",2020/01/31,"情報システム部",2020/01/31
"00114","月刊コミックビーム",False,"500",False,"情報システム部",2020/01/31,"情報システム部",2020/01/31
"00115","月刊コミックフラッパー",False,"500",False,"情報システム部",2020/01/31,"情報システム部",2020/01/31
"00095","近代麻雀　",False,"500",False,"情報システム部",2020/01/31,"情報システム部",2020/01/31
"00096","近代麻雀オリジナル",False,"500",False,"情報システム部",2020/01/31,"情報システム部",2020/01/31
"00097","銀魂公式アプリ",False,"500",False,"情報システム部",2020/01/31,"情報システム部",2020/01/31
"00098","月刊 FAIRY TAIL マガジン",False,"500",False,"情報システム部",2020/01/31,"情報システム部",2020/01/31
"00100","月刊ComicREX",False,"500",False,"情報システム部",2020/01/31,"情報システム部",2020/01/31
"00101","月刊COMICリュウ",False,"500",False,"情報システム部",2020/01/31,"情報システム部",2020/01/31
"00102","月刊Ｇファンタジー",False,"500",False,"情報システム部",2020/01/31,"情報システム部",2020/01/31
"00103","月刊アクション",False,"500",False,"情報システム部",2020/01/31,"情報システム部",2020/01/31
"00108","月刊コミック＠バンチ",False,"500",False,"情報システム部",2020/01/31,"情報システム部",2020/01/31
"00109","月刊コミックZERO-SUM",False,"500",False,"情報システム部",2020/01/31,"情報システム部",2020/01/31
"00116","月刊コミックブレイド",False,"500",False,"情報システム部",2020/01/31,"情報システム部",2020/01/31
"00118","月刊コロコロイチバン!",False,"500",False,"情報システム部",2020/01/31,"情報システム部",2020/01/31
"00121","月刊ドラゴンエイジ",False,"500",False,"情報システム部",2020/01/31,"情報システム部",2020/01/31
"00122","月刊ニュータイプ",False,"500",False,"情報システム部",2020/01/31,"情報システム部",2020/01/31
"00123","月刊ヒーローズ",False,"500",False,"情報システム部",2020/01/31,"情報システム部",2020/01/31
"00125","月刊モーニングtwo",False,"500",False,"情報システム部",2020/01/31,"情報システム部",2020/01/31
"00082","モーニングオープン増刊",False,"500",False,"情報システム部",2020/01/31,"情報システム部",2020/01/31
"00083","やわらかスピリッツ",False,"500",False,"情報システム部",2020/01/31,"情報システム部",2020/01/31
"00084","ヤングアニマル",False,"500",False,"情報システム部",2020/01/31,"情報システム部",2020/01/31
"00089","ヤングキング",False,"500",False,"情報システム部",2020/01/31,"情報システム部",2020/01/31
"00090","ヤングキングアワーズ",False,"500",False,"情報システム部",2020/01/31,"情報システム部",2020/01/31
"00094","ヤングマガジン増刊海賊版",False,"500",False,"情報システム部",2020/01/31,"情報システム部",2020/01/31
"00179","YA!ENTERTAINMENT",False,"500",False,"情報システム部",2020/01/31,"情報システム部",2020/01/31
"00180","カッパ・ノベルス",False,"500",False,"情報システム部",2020/01/31,"情報システム部",2020/01/31
"00181","トクマ・ノベルズ",False,"500",False,"情報システム部",2020/01/31,"情報システム部",2020/01/31
"00160","増刊ヤングガンガン",False,"500",False,"情報システム部",2020/01/31,"情報システム部",2020/01/31
"00161","増刊ヤングガンガンビッグ",False,"500",False,"情報システム部",2020/01/31,"情報システム部",2020/01/31
"00128","月刊少年キャプテン",False,"500",False,"情報システム部",2020/01/31,"情報システム部",2020/01/31
"00151","小学五年生",False,"500",False,"情報システム部",2020/01/31,"情報システム部",2020/01/31
"00152","小学四年生",False,"500",False,"情報システム部",2020/01/31,"情報システム部",2020/01/31
"00153","小学六年生",False,"500",False,"情報システム部",2020/01/31,"情報システム部",2020/01/31
"00186","光文社文庫",False,"500",False,"情報システム部",2020/01/31,"情報システム部",2020/01/31
"00068","フレッシュジャンプ",True,"9080",False,"情報システム部",2020/01/31,"情報システム部",2020/01/31
"00145","週刊少年ジャンプ",True,"9240",False,"情報システム部",2020/01/31,"情報システム部",2020/01/31
"00091","ヤングチャンピオン",True,"8070",False,"情報システム部",2020/01/31,"情報システム部",2020/01/31
"00093","ヤングマガジンサード",True,"7090",False,"情報システム部",2020/01/31,"情報システム部",2020/01/31
"00092","ヤングマガジンアッパーズ",True,"7100",False,"情報システム部",2020/01/31,"情報システム部",2020/01/31
"00072","マガジンポケット",True,"7110",False,"情報システム部",2020/01/31,"情報システム部",2020/01/31
"00071","マガジンイーノ",True,"7120",False,"情報システム部",2020/01/31,"情報システム部",2020/01/31
"00070","マガジンSPECIAL",True,"7130",False,"情報システム部",2020/01/31,"情報システム部",2020/01/31
"00069","マガジンGREAT",True,"7140",False,"情報システム部",2020/01/31,"情報システム部",2020/01/31
"00124","月刊ビッグガンガン",True,"6010",False,"情報システム部",2020/01/31,"情報システム部",2020/01/31
"00107","月刊ガンガンJOKER",True,"6020",False,"情報システム部",2020/01/31,"情報システム部",2020/01/31
"00088","ヤングガンガン",True,"6070",False,"情報システム部",2020/01/31,"情報システム部",2020/01/31
"00106","月刊ガンガン",True,"6080",False,"情報システム部",2020/01/31,"情報システム部",2020/01/31
"00120","月刊サンデージェネックス",True,"5040",False,"情報システム部",2020/01/31,"情報システム部",2020/01/31
"00066","ビッグコミック増刊号",True,"4010",False,"情報システム部",2020/01/31,"情報システム部",2020/01/31
"00065","ビッグコミックスペリオール",True,"4020",False,"情報システム部",2020/01/31,"情報システム部",2020/01/31
"00080","マンガワン",True,"3510",False,"情報システム部",2020/01/31,"情報システム部",2020/01/31
"00099","月刊!スピリッツ",True,"3520",False,"情報システム部",2020/01/31,"情報システム部",2020/01/31
"00034","ケロケロエース",True,"3040",False,"情報システム部",2020/01/31,"情報システム部",2020/01/31
"00059","ハルタ",True,"1010",False,"情報システム部",2020/01/31,"情報システム部",2020/01/31
"00104","月刊アフタヌーン",True,"6550",False,"情報システム部",2020/01/31,"情報システム部",2020/01/31
"00187","講談社タイガ",False,"500",False,"情報システム部",2020/01/31,"情報システム部",2020/01/31
"00182","メフィスト",False,"500",False,"情報システム部",2020/01/31,"情報システム部",2020/01/31
"00134","講談社漫画文庫",False,"500",False,"情報システム部",2020/01/31,"情報システム部",2020/01/31
"00136","週プレNEWS",False,"500",False,"情報システム部",2020/01/31,"情報システム部",2020/01/31
"00137","週刊コミックバンチ",False,"500",False,"情報システム部",2020/01/31,"情報システム部",2020/01/31
"00138","週刊プレイボーイ",False,"500",False,"情報システム部",2020/01/31,"情報システム部",2020/01/31
"00149","週刊漫画TIMES",False,"500",False,"情報システム部",2020/01/31,"情報システム部",2020/01/31
"00150","週刊漫画ゴラク",False,"500",False,"情報システム部",2020/01/31,"情報システム部",2020/01/31
"00158","食漫",False,"500",False,"情報システム部",2020/01/31,"情報システム部",2020/01/31
"00168","別冊フレンド",False,"500",False,"情報システム部",2020/01/31,"情報システム部",2020/01/31
"00173","別冊漫画ゴラク",False,"500",False,"情報システム部",2020/01/31,"情報システム部",2020/01/31
"00174","冒険王　",False,"500",False,"情報システム部",2020/01/31,"情報システム部",2020/01/31
"00175","漫画ゴラクスペシャル",False,"500",False,"情報システム部",2020/01/31,"情報システム部",2020/01/31
"00177","2ちゃんねる",False,"500",False,"情報システム部",2020/01/31,"情報システム部",2020/01/31
"00183","やる夫スレ",False,"500",False,"情報システム部",2020/01/31,"情報システム部",2020/01/31
"00005","Championタップ！",False,"500",False,"情報システム部",2020/01/31,"情報システム部",2020/01/31
"00037","コミックガルド　",False,"500",False,"情報システム部",2020/01/31,"情報システム部",2020/01/31
"00067","ファミ通コミッククリア",False,"500",False,"情報システム部",2020/01/31,"情報システム部",2020/01/31
"00085","ヤングアニマルコミックス",False,"500",False,"情報システム部",2020/01/31,"情報システム部",2020/01/31
"00189","小説家になろう",False,"500",False,"情報システム部",2020/01/31,"情報システム部",2020/01/31
"00190","創元SF文庫",False,"500",False,"情報システム部",2020/01/31,"情報システム部",2020/01/31
"00167","読売KODOMO新聞",False,"500",False,"情報システム部",2020/01/31,"情報システム部",2020/01/31
"00001","※特別出版",False,"500",False,"情報システム部",2020/01/31,"情報システム部",2020/01/31
"00155","少年ジャンプNEXT!!",True,"9020",False,"情報システム部",2020/01/31,"情報システム部",2020/01/31
"00154","少年ジャンプ+",True,"9030",False,"情報システム部",2020/01/31,"情報システム部",2020/01/31
"00146","週刊少年ジャンプ増刊",True,"9040",False,"情報システム部",2020/01/31,"情報システム部",2020/01/31
"00135","最強ジャンプ",True,"9050",False,"情報システム部",2020/01/31,"情報システム部",2020/01/31
"00129","月刊少年ジャンプ",True,"9060",False,"情報システム部",2020/01/31,"情報システム部",2020/01/31
"00171","別冊少年チャンピオン",True,"8010",False,"情報システム部",2020/01/31,"情報システム部",2020/01/31
"00169","別冊ヤングチャンピオン",True,"8020",False,"情報システム部",2020/01/31,"情報システム部",2020/01/31
"00131","月刊少年チャンピオン",True,"8030",False,"情報システム部",2020/01/31,"情報システム部",2020/01/31
"00147","週刊少年チャンピオン",True,"8080",False,"情報システム部",2020/01/31,"情報システム部",2020/01/31
"00172","別冊少年マガジン",True,"7010",False,"情報システム部",2020/01/31,"情報システム部",2020/01/31
"00170","別冊ヤングマガジン",True,"7020",False,"情報システム部",2020/01/31,"情報システム部",2020/01/31
"00157","少年マガジンエッジ",True,"7030",False,"情報システム部",2020/01/31,"情報システム部",2020/01/31
"00156","少年マガジンR",True,"7040",False,"情報システム部",2020/01/31,"情報システム部",2020/01/31
"00133","月刊少年マガジン+",True,"7050",False,"情報システム部",2020/01/31,"情報システム部",2020/01/31
"00132","月刊少年マガジン",True,"7060",False,"情報システム部",2020/01/31,"情報システム部",2020/01/31
"00126","月刊ヤングマガジン",True,"7070",False,"情報システム部",2020/01/31,"情報システム部",2020/01/31
"00130","月刊少年シリウス",True,"7080",False,"情報システム部",2020/01/31,"情報システム部",2020/01/31
"00142","週刊ヤングマガジン",True,"7160",False,"情報システム部",2020/01/31,"情報システム部",2020/01/31
"00148","週刊少年マガジン",True,"7170",False,"情報システム部",2020/01/31,"情報システム部",2020/01/31
"00139","週刊モーニング",True,"6570",False,"情報システム部",2020/01/31,"情報システム部",2020/01/31
"00028","ガンガンパワード",True,"6040",False,"情報システム部",2020/01/31,"情報システム部",2020/01/31
"00176","裏サンデー",True,"5010",False,"情報システム部",2020/01/31,"情報システム部",2020/01/31
"00162","増刊少年サンデー",True,"5020",False,"情報システム部",2020/01/31,"情報システム部",2020/01/31
"00144","週刊少年サンデーS",True,"5030",False,"情報システム部",2020/01/31,"情報システム部",2020/01/31
"00140","週刊ヤングサンデー",True,"5050",False,"情報システム部",2020/01/31,"情報システム部",2020/01/31
"00143","週刊少年サンデー",True,"5060",False,"情報システム部",2020/01/31,"情報システム部",2020/01/31
"00119","月刊コンプエース",True,"3010",False,"情報システム部",2020/01/31,"情報システム部",2020/01/31
"00105","月刊エースネクスト",True,"3020",False,"情報システム部",2020/01/31,"情報システム部",2020/01/31
"00087","ヤングエースUP",True,"3030",False,"情報システム部",2020/01/31,"情報システム部",2020/01/31
"00127","月刊少年エース",True,"3080",False,"情報システム部",2020/01/31,"情報システム部",2020/01/31
"00166","電撃文庫MAGAZINE",True,"2010",False,"情報システム部",2020/01/31,"情報システム部",2020/01/31
"00165","電撃マオウ",True,"2030",False,"情報システム部",2020/01/31,"情報システム部",2020/01/31
"00163","電撃G's magazine",True,"2050",False,"情報システム部",2020/01/31,"情報システム部",2020/01/31
"00117","月刊コミック電撃大王",True,"2060",False,"情報システム部",2020/01/31,"情報システム部",2020/01/31
"00184","角川スニーカー文庫",True,"1520",False,"情報システム部",2020/01/31,"情報システム部",2020/01/31
"00110","月刊コミックアライブ",True,"1020",False,"情報システム部",2020/01/31,"情報システム部",2020/01/31
"00188","講談社ノベルス",True,"6520",False,"情報システム部",2020/01/31,"情報システム部",2020/01/31
"00159","赤マルジャンプ",True,"9010",False,"情報システム部",2020/01/31,"情報システム部",2020/01/31
"00081","ミラクルジャンプ",True,"9070",False,"情報システム部",2020/01/31,"情報システム部",2020/01/31
"00060","ビジネスジャンプ",True,"9090",False,"情報システム部",2020/01/31,"情報システム部",2020/01/31
"00141","週刊ヤングジャンプ",True,"9230",False,"情報システム部",2020/01/31,"情報システム部",2020/01/31
"00054","チャンピオンRED いちご",True,"8050",False,"情報システム部",2020/01/31,"情報システム部",2020/01/31
"00191","電撃文庫",True,"2020",False,"情報システム部",2020/01/31,"情報システム部",2020/01/31
"00164","電撃G's コミック",True,"2040",False,"情報システム部",2020/01/31,"情報システム部",2020/01/31
"00185","角川文庫",True,"1510",False,"情報システム部",2020/01/31,"情報システム部",2020/01/31
"00077","マンガボックス",True,"6510",False,"情報システム部",2020/01/31,"情報システム部",2020/01/31
