﻿"publisher_code","publisher_name","invalid_flg","create_user","create_time","update_user","update_time"
"00001","KADOKAWA",False,"情報システム部",2020/01/31,"情報システム部",2020/01/31
"00002","オーバーラップ",False,"情報システム部",2020/01/31,"情報システム部",2020/01/31
"00003","スクウェア・エニックス",False,"情報システム部",2020/01/31,"情報システム部",2020/01/31
"00004","ノース・スターズ・ピクチャーズ",False,"情報システム部",2020/01/31,"情報システム部",2020/01/31
"00005","ヒーローズ",False,"情報システム部",2020/01/31,"情報システム部",2020/01/31
"00006","フラワー",False,"情報システム部",2020/01/31,"情報システム部",2020/01/31
"00007","マイクロマガジン社",False,"情報システム部",2020/01/31,"情報システム部",2020/01/31
"00008","マッグガーデン",False,"情報システム部",2020/01/31,"情報システム部",2020/01/31
"00009","リイド社",False,"情報システム部",2020/01/31,"情報システム部",2020/01/31
"00010","一迅社",False,"情報システム部",2020/01/31,"情報システム部",2020/01/31
"00011","幻冬舎コミックス",False,"情報システム部",2020/01/31,"情報システム部",2020/01/31
"00012","講談社",False,"情報システム部",2020/01/31,"情報システム部",2020/01/31
"00013","秋田書店",False,"情報システム部",2020/01/31,"情報システム部",2020/01/31
"00014","集英社",False,"情報システム部",2020/01/31,"情報システム部",2020/01/31
"00015","小学館",False,"情報システム部",2020/01/31,"情報システム部",2020/01/31
"00016","少年画報社",False,"情報システム部",2020/01/31,"情報システム部",2020/01/31
"00017","新潮社",False,"情報システム部",2020/01/31,"情報システム部",2020/01/31
"00018","双葉社",False,"情報システム部",2020/01/31,"情報システム部",2020/01/31
"00019","竹書房",False,"情報システム部",2020/01/31,"情報システム部",2020/01/31
"00020","徳間書店",False,"情報システム部",2020/01/31,"情報システム部",2020/01/31
"00021","日本文芸社",False,"情報システム部",2020/01/31,"情報システム部",2020/01/31
"00022","白泉社",False,"情報システム部",2020/01/31,"情報システム部",2020/01/31
"00023","富士見書房",False,"情報システム部",2020/01/31,"情報システム部",2020/01/31
"00024","文藝春秋",False,"情報システム部",2020/01/31,"情報システム部",2020/01/31
"00025","芳文社",False,"情報システム部",2020/01/31,"情報システム部",2020/01/31
"00026","光文社",False,"情報システム部",2020/01/31,"情報システム部",2020/01/31
"00027","主婦の友社",False,"情報システム部",2020/01/31,"情報システム部",2020/01/31
"00028","ホビージャパン",False,"情報システム部",2020/01/31,"情報システム部",2020/01/31
"00029","SBクリエイティブ",False,"情報システム部",2020/01/31,"情報システム部",2020/01/31
"00030","東京創元社",False,"情報システム部",2020/01/31,"情報システム部",2020/01/31
