﻿"sakuhin_tag_category_code","sakuhin_tag_category_name","invalid_flg","create_user","create_time","update_user","update_time"
"00001","キャラ設定・性質",False,"情報システム部",2020/01/31,"情報システム部",2020/01/31
"00002","時代・場所",False,"情報システム部",2020/01/31,"情報システム部",2020/01/31
"00003","物・象徴",False,"情報システム部",2020/01/31,"情報システム部",2020/01/31
"00004","職業・役割",False,"情報システム部",2020/01/31,"情報システム部",2020/01/31
"00005","競技・種目",False,"情報システム部",2020/01/31,"情報システム部",2020/01/31
"00006","音楽・芸術",False,"情報システム部",2020/01/31,"情報システム部",2020/01/31
"00007","作風・形式",False,"情報システム部",2020/01/31,"情報システム部",2020/01/31
"00008","シチュ・関係性",False,"情報システム部",2020/01/31,"情報システム部",2020/01/31
"00009","背景・要素",False,"情報システム部",2020/01/31,"情報システム部",2020/01/31
