﻿"seisaku_company_code","seisaku_company_name","invalid_flg","create_user","create_time","update_user","update_time"
"00001","ART LAND",False,"情報システム部",2020/01/31,"情報システム部",2020/01/31
"00002","Lay-duce",False,"情報システム部",2020/01/31,"情報システム部",2020/01/31
"00003","A.C.G.T.",False,"情報システム部",2020/01/31,"情報システム部",2020/01/31
"00004","A-1 Pictures",False,"情報システム部",2020/01/31,"情報システム部",2020/01/31
"00005","AIC",False,"情報システム部",2020/01/31,"情報システム部",2020/01/31
"00006","AXsiZ",False,"情報システム部",2020/01/31,"情報システム部",2020/01/31
"00007","BeeTrain",False,"情報システム部",2020/01/31,"情報システム部",2020/01/31
"00008","BLADE",False,"情報システム部",2020/01/31,"情報システム部",2020/01/31
"00009","C2C",False,"情報システム部",2020/01/31,"情報システム部",2020/01/31
"00010","CloverWorks",False,"情報システム部",2020/01/31,"情報システム部",2020/01/31
"00011","CONNECT",False,"情報システム部",2020/01/31,"情報システム部",2020/01/31
"00012","Cre-p Co.,Ltd",False,"情報システム部",2020/01/31,"情報システム部",2020/01/31
"00013","C-Station",False,"情報システム部",2020/01/31,"情報システム部",2020/01/31
"00014","david production",False,"情報システム部",2020/01/31,"情報システム部",2020/01/31
"00015","Digimation",False,"情報システム部",2020/01/31,"情報システム部",2020/01/31
"00016","EGG FIRM",False,"情報システム部",2020/01/31,"情報システム部",2020/01/31
"00017","EMTスクエアード",False,"情報システム部",2020/01/31,"情報システム部",2020/01/31
"00018","Ezo'la",False,"情報システム部",2020/01/31,"情報システム部",2020/01/31
"00019","feel.",False,"情報システム部",2020/01/31,"情報システム部",2020/01/31
"00020","Fever Creations",False,"情報システム部",2020/01/31,"情報システム部",2020/01/31
"00021","GAINAX",False,"情報システム部",2020/01/31,"情報システム部",2020/01/31
"00022","GEMBA",False,"情報システム部",2020/01/31,"情報システム部",2020/01/31
"00023","GONZO",False,"情報システム部",2020/01/31,"情報システム部",2020/01/31
"00024","HOODS DRIFTERS STUDIO",False,"情報システム部",2020/01/31,"情報システム部",2020/01/31
"00025","IMAGIN",False,"情報システム部",2020/01/31,"情報システム部",2020/01/31
"00026","J.C.STAFF",False,"情報システム部",2020/01/31,"情報システム部",2020/01/31
"00027","LARX ENTERTAINMENT",False,"情報システム部",2020/01/31,"情報システム部",2020/01/31
"00028","Lerche",False,"情報システム部",2020/01/31,"情報システム部",2020/01/31
"00029","LIDENFILMS",False,"情報システム部",2020/01/31,"情報システム部",2020/01/31
"00030","M.S.C",False,"情報システム部",2020/01/31,"情報システム部",2020/01/31
"00031","MAPPA",False,"情報システム部",2020/01/31,"情報システム部",2020/01/31
"00032","Marvy Jack",False,"情報システム部",2020/01/31,"情報システム部",2020/01/31
"00033","Moe lnc.",False,"情報システム部",2020/01/31,"情報システム部",2020/01/31
"00034","Nexus",False,"情報システム部",2020/01/31,"情報システム部",2020/01/31
"00035","NHKエンタープライズ",False,"情報システム部",2020/01/31,"情報システム部",2020/01/31
"00036","NUT",False,"情報システム部",2020/01/31,"情報システム部",2020/01/31
"00037","OLM",False,"情報システム部",2020/01/31,"情報システム部",2020/01/31
"00038","OLM Digital",False,"情報システム部",2020/01/31,"情報システム部",2020/01/31
"00039","OLM TEAM IGUCHI",False,"情報システム部",2020/01/31,"情報システム部",2020/01/31
"00040","OLM TEAM KOJIMA",False,"情報システム部",2020/01/31,"情報システム部",2020/01/31
"00041","production dóA",False,"情報システム部",2020/01/31,"情報システム部",2020/01/31
"00042","Production I.G",False,"情報システム部",2020/01/31,"情報システム部",2020/01/31
"00043","Seven Arcs",False,"情報システム部",2020/01/31,"情報システム部",2020/01/31
"00044","SILVER LINK.",False,"情報システム部",2020/01/31,"情報システム部",2020/01/31
"00045","SOLA DIGITAL ARTS",False,"情報システム部",2020/01/31,"情報システム部",2020/01/31
"00046","Studio 3Hz",False,"情報システム部",2020/01/31,"情報システム部",2020/01/31
"00047","studioぴえろ",False,"情報システム部",2020/01/31,"情報システム部",2020/01/31
"00048","Studio五組",False,"情報システム部",2020/01/31,"情報システム部",2020/01/31
"00049","stシルバー",False,"情報システム部",2020/01/31,"情報システム部",2020/01/31
"00050","SynergySP",False,"情報システム部",2020/01/31,"情報システム部",2020/01/31
"00051","TETRA",False,"情報システム部",2020/01/31,"情報システム部",2020/01/31
"00052","TMS/8PAN",False,"情報システム部",2020/01/31,"情報システム部",2020/01/31
"00053","TMS/V1Studio(東京ムービー)",False,"情報システム部",2020/01/31,"情報システム部",2020/01/31
"00054","TMS/だぶるいーぐる",False,"情報システム部",2020/01/31,"情報システム部",2020/01/31
"00055","TYOアニメーションズ",False,"情報システム部",2020/01/31,"情報システム部",2020/01/31
"00056","ufotable",False,"情報システム部",2020/01/31,"情報システム部",2020/01/31
"00057","VOLN",False,"情報システム部",2020/01/31,"情報システム部",2020/01/31
"00058","WHITE FOX",False,"情報システム部",2020/01/31,"情報システム部",2020/01/31
"00059","WIT STUDIO",False,"情報システム部",2020/01/31,"情報システム部",2020/01/31
"00060","XEBEC",False,"情報システム部",2020/01/31,"情報システム部",2020/01/31
"00061","ZEXCS",False,"情報システム部",2020/01/31,"情報システム部",2020/01/31
"00062","アートランド",False,"情報システム部",2020/01/31,"情報システム部",2020/01/31
"00063","アクタス",False,"情報システム部",2020/01/31,"情報システム部",2020/01/31
"00064","アスリード",False,"情報システム部",2020/01/31,"情報システム部",2020/01/31
"00065","アゼータ・ピクチャーズ",False,"情報システム部",2020/01/31,"情報システム部",2020/01/31
"00066","アセンション",False,"情報システム部",2020/01/31,"情報システム部",2020/01/31
"00067","アナザープッシュピンプランニング",False,"情報システム部",2020/01/31,"情報システム部",2020/01/31
"00068","アニメインターナショナルカンパニー",False,"情報システム部",2020/01/31,"情報システム部",2020/01/31
"00069","アニメーション・プラネット",False,"情報システム部",2020/01/31,"情報システム部",2020/01/31
"00070","アルボアニメーション",False,"情報システム部",2020/01/31,"情報システム部",2020/01/31
"00071","アンサー・スタジオ",False,"情報システム部",2020/01/31,"情報システム部",2020/01/31
"00072","エイケン",False,"情報システム部",2020/01/31,"情報システム部",2020/01/31
"00073","エイトビット",False,"情報システム部",2020/01/31,"情報システム部",2020/01/31
"00074","オレンジ",False,"情報システム部",2020/01/31,"情報システム部",2020/01/31
"00075","ガイナ",False,"情報システム部",2020/01/31,"情報システム部",2020/01/31
"00076","カナバングラフィックス",False,"情報システム部",2020/01/31,"情報システム部",2020/01/31
"00077","キティフィルム三鷹スタジオ",False,"情報システム部",2020/01/31,"情報システム部",2020/01/31
"00078","キネマシトラス",False,"情報システム部",2020/01/31,"情報システム部",2020/01/31
"00079","ぎゃろっぷ",False,"情報システム部",2020/01/31,"情報システム部",2020/01/31
"00080","グラフィニカ",False,"情報システム部",2020/01/31,"情報システム部",2020/01/31
"00081","クリエイターズインパック",False,"情報システム部",2020/01/31,"情報システム部",2020/01/31
"00082","グループ・タック",False,"情報システム部",2020/01/31,"情報システム部",2020/01/31
"00083","ケイファクトリー",False,"情報システム部",2020/01/31,"情報システム部",2020/01/31
"00084","コモンセンス",False,"情報システム部",2020/01/31,"情報システム部",2020/01/31
"00085","サイエンスSARU",False,"情報システム部",2020/01/31,"情報システム部",2020/01/31
"00086","サイクロングラフィックス",False,"情報システム部",2020/01/31,"情報システム部",2020/01/31
"00087","サテライト",False,"情報システム部",2020/01/31,"情報システム部",2020/01/31
"00088","サンジゲン",False,"情報システム部",2020/01/31,"情報システム部",2020/01/31
"00089","サンシャインコーポレーション",False,"情報システム部",2020/01/31,"情報システム部",2020/01/31
"00090","サンライズ",False,"情報システム部",2020/01/31,"情報システム部",2020/01/31
"00091","ジーアンドジーディレクション",False,"情報システム部",2020/01/31,"情報システム部",2020/01/31
"00092","ジェイ・シー・エフ",False,"情報システム部",2020/01/31,"情報システム部",2020/01/31
"00093","ジェー・シー・スタッフ",False,"情報システム部",2020/01/31,"情報システム部",2020/01/31
"00094","ジェノスタジオ",False,"情報システム部",2020/01/31,"情報システム部",2020/01/31
"00095","シャフト",False,"情報システム部",2020/01/31,"情報システム部",2020/01/31
"00096","シルバー",False,"情報システム部",2020/01/31,"情報システム部",2020/01/31
"00097","シンエイ動画",False,"情報システム部",2020/01/31,"情報システム部",2020/01/31
"00098","スタジオ サインポスト",False,"情報システム部",2020/01/31,"情報システム部",2020/01/31
"00099","スタジオ・ザイン",False,"情報システム部",2020/01/31,"情報システム部",2020/01/31
"00100","スタジオ・ディーン",False,"情報システム部",2020/01/31,"情報システム部",2020/01/31
"00101","スタジオ・ライブ",False,"情報システム部",2020/01/31,"情報システム部",2020/01/31
"00102","スタジオM2",False,"情報システム部",2020/01/31,"情報システム部",2020/01/31
"00103","スタジオヴォルン",False,"情報システム部",2020/01/31,"情報システム部",2020/01/31
"00104","スタジオエル",False,"情報システム部",2020/01/31,"情報システム部",2020/01/31
"00105","スタジオガッツ",False,"情報システム部",2020/01/31,"情報システム部",2020/01/31
"00106","スタジオグラム",False,"情報システム部",2020/01/31,"情報システム部",2020/01/31
"00107","スタジオコメット",False,"情報システム部",2020/01/31,"情報システム部",2020/01/31
"00108","スタジオジュニオ",False,"情報システム部",2020/01/31,"情報システム部",2020/01/31
"00109","スタジオディーン",False,"情報システム部",2020/01/31,"情報システム部",2020/01/31
"00110","スタジオパストラル",False,"情報システム部",2020/01/31,"情報システム部",2020/01/31
"00111","スタジオぷYUKAI",False,"情報システム部",2020/01/31,"情報システム部",2020/01/31
"00112","スタジオブラン",False,"情報システム部",2020/01/31,"情報システム部",2020/01/31
"00113","スタジオワイエス",False,"情報システム部",2020/01/31,"情報システム部",2020/01/31
"00114","スタジオ雲雀",False,"情報システム部",2020/01/31,"情報システム部",2020/01/31
"00115","セブン・アークス・ピクチャーズ",False,"情報システム部",2020/01/31,"情報システム部",2020/01/31
"00116","ゼロジー",False,"情報システム部",2020/01/31,"情報システム部",2020/01/31
"00117","タジオディーン",False,"情報システム部",2020/01/31,"情報システム部",2020/01/31
"00118","タツノコプロ",False,"情報システム部",2020/01/31,"情報システム部",2020/01/31
"00119","ティアスタジオ",False,"情報システム部",2020/01/31,"情報システム部",2020/01/31
"00120","ティー・エヌ・ケー",False,"情報システム部",2020/01/31,"情報システム部",2020/01/31
"00121","ティー・ピー・オー",False,"情報システム部",2020/01/31,"情報システム部",2020/01/31
"00122","ディオメディア",False,"情報システム部",2020/01/31,"情報システム部",2020/01/31
"00123","デジタルネットワークアニメーション",False,"情報システム部",2020/01/31,"情報システム部",2020/01/31
"00124","トムス・エンタテインメント",False,"情報システム部",2020/01/31,"情報システム部",2020/01/31
"00125","トランス・アーツ",False,"情報システム部",2020/01/31,"情報システム部",2020/01/31
"00126","トリガー",False,"情報システム部",2020/01/31,"情報システム部",2020/01/31
"00127","ノース・スターズ・ピクチャーズ",False,"情報システム部",2020/01/31,"情報システム部",2020/01/31
"00128","ノーマッド",False,"情報システム部",2020/01/31,"情報システム部",2020/01/31
"00129","パステル",False,"情報システム部",2020/01/31,"情報システム部",2020/01/31
"00130","ハルフィルムメーカー",False,"情報システム部",2020/01/31,"情報システム部",2020/01/31
"00131","バンダイナムコピクチャーズ",False,"情報システム部",2020/01/31,"情報システム部",2020/01/31
"00132","ピー・アール・エー",False,"情報システム部",2020/01/31,"情報システム部",2020/01/31
"00133","ビィートレイン",False,"情報システム部",2020/01/31,"情報システム部",2020/01/31
"00134","フィール",False,"情報システム部",2020/01/31,"情報システム部",2020/01/31
"00135","フウシオスタジオ",False,"情報システム部",2020/01/31,"情報システム部",2020/01/31
"00136","フジテレビ",False,"情報システム部",2020/01/31,"情報システム部",2020/01/31
"00137","フッズエンタテインメント",False,"情報システム部",2020/01/31,"情報システム部",2020/01/31
"00138","プラチナビジョン",False,"情報システム部",2020/01/31,"情報システム部",2020/01/31
"00139","ブリッジ",False,"情報システム部",2020/01/31,"情報システム部",2020/01/31
"00140","ブレインズ・ベース",False,"情報システム部",2020/01/31,"情報システム部",2020/01/31
"00141","ベガエンタテイメント",False,"情報システム部",2020/01/31,"情報システム部",2020/01/31
"00142","ポリゴン・ピクチュアズ",False,"情報システム部",2020/01/31,"情報システム部",2020/01/31
"00143","ボンズ",False,"情報システム部",2020/01/31,"情報システム部",2020/01/31
"00144","マカリア",False,"情報システム部",2020/01/31,"情報システム部",2020/01/31
"00145","マジックバス",False,"情報システム部",2020/01/31,"情報システム部",2020/01/31
"00146","マッドハウス",False,"情報システム部",2020/01/31,"情報システム部",2020/01/31
"00147","マングローブ",False,"情報システム部",2020/01/31,"情報システム部",2020/01/31
"00148","ミルパンセ",False,"情報システム部",2020/01/31,"情報システム部",2020/01/31
"00149","ゆめ太カンパニー",False,"情報システム部",2020/01/31,"情報システム部",2020/01/31
"00150","ライデンフィルム",False,"情報システム部",2020/01/31,"情報システム部",2020/01/31
"00151","ワオワールド",False,"情報システム部",2020/01/31,"情報システム部",2020/01/31
"00152","亜細亜堂",False,"情報システム部",2020/01/31,"情報システム部",2020/01/31
"00153","旭プロダクション",False,"情報システム部",2020/01/31,"情報システム部",2020/01/31
"00154","葦プロダクション",False,"情報システム部",2020/01/31,"情報システム部",2020/01/31
"00155","作楽クリエイト",False,"情報システム部",2020/01/31,"情報システム部",2020/01/31
"00156","手塚プロダクション",False,"情報システム部",2020/01/31,"情報システム部",2020/01/31
"00157","寿門堂",False,"情報システム部",2020/01/31,"情報システム部",2020/01/31
"00158","青二プロ",False,"情報システム部",2020/01/31,"情報システム部",2020/01/31
"00159","蒼天スタジオ",False,"情報システム部",2020/01/31,"情報システム部",2020/01/31
"00160","虫プロダクション",False,"情報システム部",2020/01/31,"情報システム部",2020/01/31
"00161","東映",False,"情報システム部",2020/01/31,"情報システム部",2020/01/31
"00162","東映アニメーション",False,"情報システム部",2020/01/31,"情報システム部",2020/01/31
"00163","東京キッズ",False,"情報システム部",2020/01/31,"情報システム部",2020/01/31
"00164","東京ムービー",False,"情報システム部",2020/01/31,"情報システム部",2020/01/31
"00165","東京ムービー新社",False,"情報システム部",2020/01/31,"情報システム部",2020/01/31
"00166","動画工房",False,"情報システム部",2020/01/31,"情報システム部",2020/01/31
"00167","童夢",False,"情報システム部",2020/01/31,"情報システム部",2020/01/31
"00168","徳間書店",False,"情報システム部",2020/01/31,"情報システム部",2020/01/31
"00169","日本アニメーション",False,"情報システム部",2020/01/31,"情報システム部",2020/01/31
"00170","白組",False,"情報システム部",2020/01/31,"情報システム部",2020/01/31
"00171","武遊",False,"情報システム部",2020/01/31,"情報システム部",2020/01/31
"00172","遊歩堂",False,"情報システム部",2020/01/31,"情報システム部",2020/01/31
