﻿"staff_role_code","staff_role_name","invalid_flg","create_user","create_time","update_user","update_time"
"00001","2Dアーティスト",False,"情報システム部",2020/01/31,"情報システム部",2020/01/31
"00002","2Dワークス",False,"情報システム部",2020/01/31,"情報システム部",2020/01/31
"00003","3D",False,"情報システム部",2020/01/31,"情報システム部",2020/01/31
"00004","3DCG",False,"情報システム部",2020/01/31,"情報システム部",2020/01/31
"00005","3DCGI",False,"情報システム部",2020/01/31,"情報システム部",2020/01/31
"00006","3DCGIディレクター",False,"情報システム部",2020/01/31,"情報システム部",2020/01/31
"00007","3DCGディレクター",False,"情報システム部",2020/01/31,"情報システム部",2020/01/31
"00008","3DCGプロデューサー",False,"情報システム部",2020/01/31,"情報システム部",2020/01/31
"00009","3DCG監督",False,"情報システム部",2020/01/31,"情報システム部",2020/01/31
"00010","3Dディレクター",False,"情報システム部",2020/01/31,"情報システム部",2020/01/31
"00011","3D監督",False,"情報システム部",2020/01/31,"情報システム部",2020/01/31
"00012","ART",False,"情報システム部",2020/01/31,"情報システム部",2020/01/31
"00013","BGコンセプトアーティスト",False,"情報システム部",2020/01/31,"情報システム部",2020/01/31
"00014","BGセットアップスーパーバイザー",False,"情報システム部",2020/01/31,"情報システム部",2020/01/31
"00015","CG",False,"情報システム部",2020/01/31,"情報システム部",2020/01/31
"00016","CG・撮影監督",False,"情報システム部",2020/01/31,"情報システム部",2020/01/31
"00017","CGI",False,"情報システム部",2020/01/31,"情報システム部",2020/01/31
"00018","CGIディレクター",False,"情報システム部",2020/01/31,"情報システム部",2020/01/31
"00019","CGI監督",False,"情報システム部",2020/01/31,"情報システム部",2020/01/31
"00020","CGキャラクターデザイン",False,"情報システム部",2020/01/31,"情報システム部",2020/01/31
"00021","CGスーパーバイザー",False,"情報システム部",2020/01/31,"情報システム部",2020/01/31
"00022","CGチーフディレクター",False,"情報システム部",2020/01/31,"情報システム部",2020/01/31
"00023","CGディレクション",False,"情報システム部",2020/01/31,"情報システム部",2020/01/31
"00024","CGディレクター",False,"情報システム部",2020/01/31,"情報システム部",2020/01/31
"00025","CGプロデューサー",False,"情報システム部",2020/01/31,"情報システム部",2020/01/31
"00026","CGプロデュース",False,"情報システム部",2020/01/31,"情報システム部",2020/01/31
"00027","CG監督",False,"情報システム部",2020/01/31,"情報システム部",2020/01/31
"00028","CG監督・演出",False,"情報システム部",2020/01/31,"情報システム部",2020/01/31
"00029","HD演出協力",False,"情報システム部",2020/01/31,"情報システム部",2020/01/31
"00030","MattePaintディレクター",False,"情報システム部",2020/01/31,"情報システム部",2020/01/31
"00031","story",False,"情報システム部",2020/01/31,"情報システム部",2020/01/31
"00032","アイデア",False,"情報システム部",2020/01/31,"情報システム部",2020/01/31
"00033","アクションアニメーター",False,"情報システム部",2020/01/31,"情報システム部",2020/01/31
"00034","アクションディレクター",False,"情報システム部",2020/01/31,"情報システム部",2020/01/31
"00035","アクション監督",False,"情報システム部",2020/01/31,"情報システム部",2020/01/31
"00036","アクション作画監督",False,"情報システム部",2020/01/31,"情報システム部",2020/01/31
"00037","アクション作監",False,"情報システム部",2020/01/31,"情報システム部",2020/01/31
"00038","アクション設計",False,"情報システム部",2020/01/31,"情報システム部",2020/01/31
"00039","アクション設定",False,"情報システム部",2020/01/31,"情報システム部",2020/01/31
"00040","アシスタントプロデューサー",False,"情報システム部",2020/01/31,"情報システム部",2020/01/31
"00041","アソシエイトプロデューサー",False,"情報システム部",2020/01/31,"情報システム部",2020/01/31
"00042","アニメーションキャラクターデザイン",False,"情報システム部",2020/01/31,"情報システム部",2020/01/31
"00043","アニメーションキャラクター設定",False,"情報システム部",2020/01/31,"情報システム部",2020/01/31
"00044","アニメーションプロデューサー",False,"情報システム部",2020/01/31,"情報システム部",2020/01/31
"00045","アニメーションプロデュース",False,"情報システム部",2020/01/31,"情報システム部",2020/01/31
"00046","アニメーション監修",False,"情報システム部",2020/01/31,"情報システム部",2020/01/31
"00047","アニメーション監督",False,"情報システム部",2020/01/31,"情報システム部",2020/01/31
"00048","アニメーション制作",False,"情報システム部",2020/01/31,"情報システム部",2020/01/31
"00049","アニメーション制作プロデューサー",False,"情報システム部",2020/01/31,"情報システム部",2020/01/31
"00050","アニメーション制作協力",False,"情報システム部",2020/01/31,"情報システム部",2020/01/31
"00051","アニメーション統括",False,"情報システム部",2020/01/31,"情報システム部",2020/01/31
"00052","アフレコ演出",False,"情報システム部",2020/01/31,"情報システム部",2020/01/31
"00053","イメージグラフィックデザイン",False,"情報システム部",2020/01/31,"情報システム部",2020/01/31
"00054","イメージボード",False,"情報システム部",2020/01/31,"情報システム部",2020/01/31
"00055","イラスト",False,"情報システム部",2020/01/31,"情報システム部",2020/01/31
"00056","エグゼクティブプロデューサー",False,"情報システム部",2020/01/31,"情報システム部",2020/01/31
"00057","エフェクトアニメーション",False,"情報システム部",2020/01/31,"情報システム部",2020/01/31
"00058","エフェクトスーパーバイザー",False,"情報システム部",2020/01/31,"情報システム部",2020/01/31
"00059","エフェクトディレクター",False,"情報システム部",2020/01/31,"情報システム部",2020/01/31
"00060","エフェクト作画監督",False,"情報システム部",2020/01/31,"情報システム部",2020/01/31
"00061","エンバイロメントスーパーバイザー",False,"情報システム部",2020/01/31,"情報システム部",2020/01/31
"00062","エンブレムデザイン協力",False,"情報システム部",2020/01/31,"情報システム部",2020/01/31
"00063","オーディオディレクター",False,"情報システム部",2020/01/31,"情報システム部",2020/01/31
"00064","オーディオ演出",False,"情報システム部",2020/01/31,"情報システム部",2020/01/31
"00065","オープニング・エンディング",False,"情報システム部",2020/01/31,"情報システム部",2020/01/31
"00066","オフライン編集",False,"情報システム部",2020/01/31,"情報システム部",2020/01/31
"00067","オリジナル版音響効果",False,"情報システム部",2020/01/31,"情報システム部",2020/01/31
"00127","シリーズ構成協力",False,"情報システム部",2020/01/31,"情報システム部",2020/01/31
"00068","カートデザイン（フォーミュラデザイン）",False,"情報システム部",2020/01/31,"情報システム部",2020/01/31
"00069","カバーイラスト",False,"情報システム部",2020/01/31,"情報システム部",2020/01/31
"00070","カラーコーディネイト",False,"情報システム部",2020/01/31,"情報システム部",2020/01/31
"00071","カラーデザイン",False,"情報システム部",2020/01/31,"情報システム部",2020/01/31
"00072","キーアニメーター",False,"情報システム部",2020/01/31,"情報システム部",2020/01/31
"00073","キャスティングマネージャー",False,"情報システム部",2020/01/31,"情報システム部",2020/01/31
"00074","キャスティング協力",False,"情報システム部",2020/01/31,"情報システム部",2020/01/31
"00075","キャラクター/メインモンスターデザイン",False,"情報システム部",2020/01/31,"情報システム部",2020/01/31
"00076","キャラクターデザイン",False,"情報システム部",2020/01/31,"情報システム部",2020/01/31
"00077","キャラクターデザイン、総作画監督",False,"情報システム部",2020/01/31,"情報システム部",2020/01/31
"00078","キャラクターデザイン／アニメーション・ディレクター",False,"情報システム部",2020/01/31,"情報システム部",2020/01/31
"00079","キャラクターデザイン・プロップデザイン・総作画監督",False,"情報システム部",2020/01/31,"情報システム部",2020/01/31
"00080","キャラクターデザイン・作画監督",False,"情報システム部",2020/01/31,"情報システム部",2020/01/31
"00081","キャラクターデザイン・総作画監督",False,"情報システム部",2020/01/31,"情報システム部",2020/01/31
"00082","キャラクターデザイン･総作画監督",False,"情報システム部",2020/01/31,"情報システム部",2020/01/31
"00083","キャラクターデザイン補佐",False,"情報システム部",2020/01/31,"情報システム部",2020/01/31
"00084","キャラクターデザイン原案",False,"情報システム部",2020/01/31,"情報システム部",2020/01/31
"00085","キャラクターデザイン総作画監督",False,"情報システム部",2020/01/31,"情報システム部",2020/01/31
"00086","キャラクターデザイン補",False,"情報システム部",2020/01/31,"情報システム部",2020/01/31
"00087","キャラクター協力",False,"情報システム部",2020/01/31,"情報システム部",2020/01/31
"00088","キャラクター原案",False,"情報システム部",2020/01/31,"情報システム部",2020/01/31
"00089","キャラクター原案・本文イラスト",False,"情報システム部",2020/01/31,"情報システム部",2020/01/31
"00090","グラフィックデザイナー",False,"情報システム部",2020/01/31,"情報システム部",2020/01/31
"00091","クリーチャーデザイン",False,"情報システム部",2020/01/31,"情報システム部",2020/01/31
"00092","クリーチャー設定",False,"情報システム部",2020/01/31,"情報システム部",2020/01/31
"00093","クリエイティブプロデューサー",False,"情報システム部",2020/01/31,"情報システム部",2020/01/31
"00094","グルメモンスターデザイン",False,"情報システム部",2020/01/31,"情報システム部",2020/01/31
"00095","ケガレデザイン",False,"情報システム部",2020/01/31,"情報システム部",2020/01/31
"00096","ゲストキャラクターデザイン",False,"情報システム部",2020/01/31,"情報システム部",2020/01/31
"00097","ゲストメカ美術設定",False,"情報システム部",2020/01/31,"情報システム部",2020/01/31
"00098","コスチュームデザイン",False,"情報システム部",2020/01/31,"情報システム部",2020/01/31
"00099","コンセプター",False,"情報システム部",2020/01/31,"情報システム部",2020/01/31
"00100","コンセプトアート",False,"情報システム部",2020/01/31,"情報システム部",2020/01/31
"00101","コンセプトアート・美術設定",False,"情報システム部",2020/01/31,"情報システム部",2020/01/31
"00102","コンセプトデザイン",False,"情報システム部",2020/01/31,"情報システム部",2020/01/31
"00103","コンテ構成",False,"情報システム部",2020/01/31,"情報システム部",2020/01/31
"00104","コンポジットディレクター",False,"情報システム部",2020/01/31,"情報システム部",2020/01/31
"00105","サイト管理人デザイン",False,"情報システム部",2020/01/31,"情報システム部",2020/01/31
"00106","サウンド・ミキサー",False,"情報システム部",2020/01/31,"情報システム部",2020/01/31
"00107","サウンドデザイン",False,"情報システム部",2020/01/31,"情報システム部",2020/01/31
"00108","サブアニメーションキャラクター設定",False,"情報システム部",2020/01/31,"情報システム部",2020/01/31
"00109","サブキャラクター・悪魔デザイン",False,"情報システム部",2020/01/31,"情報システム部",2020/01/31
"00110","サブキャラクターデザイン",False,"情報システム部",2020/01/31,"情報システム部",2020/01/31
"00111","サブキャラクターデザイン・モンスターデザイン・プロップデザイン",False,"情報システム部",2020/01/31,"情報システム部",2020/01/31
"00112","サブキャラクターデザイン・総作画監督",False,"情報システム部",2020/01/31,"情報システム部",2020/01/31
"00113","サブキャラクターデザイン補佐・衣装変え",False,"情報システム部",2020/01/31,"情報システム部",2020/01/31
"00114","サブキャラデザイン",False,"情報システム部",2020/01/31,"情報システム部",2020/01/31
"00115","サブデザイン",False,"情報システム部",2020/01/31,"情報システム部",2020/01/31
"00116","シナリオ",False,"情報システム部",2020/01/31,"情報システム部",2020/01/31
"00117","シリーズディレクター",False,"情報システム部",2020/01/31,"情報システム部",2020/01/31
"00118","シリーズ演出",False,"情報システム部",2020/01/31,"情報システム部",2020/01/31
"00119","シリーズ監督",False,"情報システム部",2020/01/31,"情報システム部",2020/01/31
"00120","シリーズ構成",False,"情報システム部",2020/01/31,"情報システム部",2020/01/31
"00121","シリーズ構成・アニメーションプロデューサー",False,"情報システム部",2020/01/31,"情報システム部",2020/01/31
"00122","シリーズ構成・シナリオ",False,"情報システム部",2020/01/31,"情報システム部",2020/01/31
"00123","シリーズ構成・スーパーバイザー",False,"情報システム部",2020/01/31,"情報システム部",2020/01/31
"00124","シリーズ構成・脚本",False,"情報システム部",2020/01/31,"情報システム部",2020/01/31
"00125","シリーズ構成･脚本",False,"情報システム部",2020/01/31,"情報システム部",2020/01/31
"00126","シリーズ構成・設定制作",False,"情報システム部",2020/01/31,"情報システム部",2020/01/31
"00128","シリーズ文芸構成",False,"情報システム部",2020/01/31,"情報システム部",2020/01/31
"00129","ジン・クリーチャーデザイン",False,"情報システム部",2020/01/31,"情報システム部",2020/01/31
"00130","スーパーバイザー",False,"情報システム部",2020/01/31,"情報システム部",2020/01/31
"00131","ストーリー",False,"情報システム部",2020/01/31,"情報システム部",2020/01/31
"00132","ストーリーエディター",False,"情報システム部",2020/01/31,"情報システム部",2020/01/31
"00133","ストーリー監修",False,"情報システム部",2020/01/31,"情報システム部",2020/01/31
"00134","ストーリー協力",False,"情報システム部",2020/01/31,"情報システム部",2020/01/31
"00135","ストーリー原案",False,"情報システム部",2020/01/31,"情報システム部",2020/01/31
"00136","ゼネラルプロデューサー",False,"情報システム部",2020/01/31,"情報システム部",2020/01/31
"00137","タイトルアニメーション",False,"情報システム部",2020/01/31,"情報システム部",2020/01/31
"00138","チーフアニメーター",False,"情報システム部",2020/01/31,"情報システム部",2020/01/31
"00139","チーフキャラクターデザイン",False,"情報システム部",2020/01/31,"情報システム部",2020/01/31
"00140","チーフディレクター",False,"情報システム部",2020/01/31,"情報システム部",2020/01/31
"00141","チーフデザイナー",False,"情報システム部",2020/01/31,"情報システム部",2020/01/31
"00142","チーフプロデューサー",False,"情報システム部",2020/01/31,"情報システム部",2020/01/31
"00143","チーフ演出",False,"情報システム部",2020/01/31,"情報システム部",2020/01/31
"00144","ディレクションアドバイザー",False,"情報システム部",2020/01/31,"情報システム部",2020/01/31
"00145","テーマソングプロデューサー",False,"情報システム部",2020/01/31,"情報システム部",2020/01/31
"00146","テクニカルアドバイザー",False,"情報システム部",2020/01/31,"情報システム部",2020/01/31
"00147","デザインアシスタント",False,"情報システム部",2020/01/31,"情報システム部",2020/01/31
"00148","デザインサポート",False,"情報システム部",2020/01/31,"情報システム部",2020/01/31
"00149","デザインリーダー",False,"情報システム部",2020/01/31,"情報システム部",2020/01/31
"00150","デザインワークス",False,"情報システム部",2020/01/31,"情報システム部",2020/01/31
"00151","デザインワークス・レイアウト作画監修",False,"情報システム部",2020/01/31,"情報システム部",2020/01/31
"00152","デザイン協力",False,"情報システム部",2020/01/31,"情報システム部",2020/01/31
"00153","デジタルテクニカルディレクター",False,"情報システム部",2020/01/31,"情報システム部",2020/01/31
"00154","デジタルマスタリング協力",False,"情報システム部",2020/01/31,"情報システム部",2020/01/31
"00155","デジタル撮影監督",False,"情報システム部",2020/01/31,"情報システム部",2020/01/31
"00156","デュエルアドバイザー",False,"情報システム部",2020/01/31,"情報システム部",2020/01/31
"00157","デュエル構成",False,"情報システム部",2020/01/31,"情報システム部",2020/01/31
"00158","トリックスーパーバイザー",False,"情報システム部",2020/01/31,"情報システム部",2020/01/31
"00159","ネーム原作",False,"情報システム部",2020/01/31,"情報システム部",2020/01/31
"00160","バッシュデザイン",False,"情報システム部",2020/01/31,"情報システム部",2020/01/31
"00161","ビジュアルアドバイザー",False,"情報システム部",2020/01/31,"情報システム部",2020/01/31
"00162","ビジュアルエフェクト",False,"情報システム部",2020/01/31,"情報システム部",2020/01/31
"00163","ビジュアルディレクター",False,"情報システム部",2020/01/31,"情報システム部",2020/01/31
"00164","プランニングマネージャー",False,"情報システム部",2020/01/31,"情報システム部",2020/01/31
"00165","プロジェクト統括",False,"情報システム部",2020/01/31,"情報システム部",2020/01/31
"00166","プロダクションエディター",False,"情報システム部",2020/01/31,"情報システム部",2020/01/31
"00167","プロダクションディレクター",False,"情報システム部",2020/01/31,"情報システム部",2020/01/31
"00168","プロダクションデザイナー",False,"情報システム部",2020/01/31,"情報システム部",2020/01/31
"00169","プロダクションデザイン",False,"情報システム部",2020/01/31,"情報システム部",2020/01/31
"00170","プロップデザイン",False,"情報システム部",2020/01/31,"情報システム部",2020/01/31
"00171","プロップデザイン・モンスターデザイン",False,"情報システム部",2020/01/31,"情報システム部",2020/01/31
"00172","プロップ設定",False,"情報システム部",2020/01/31,"情報システム部",2020/01/31
"00173","プロデューサー",False,"情報システム部",2020/01/31,"情報システム部",2020/01/31
"00174","プロデューサー補佐",False,"情報システム部",2020/01/31,"情報システム部",2020/01/31
"00175","プロデュース",False,"情報システム部",2020/01/31,"情報システム部",2020/01/31
"00176","プロデュース協力",False,"情報システム部",2020/01/31,"情報システム部",2020/01/31
"00177","メインアクション作監",False,"情報システム部",2020/01/31,"情報システム部",2020/01/31
"00178","メインアニメーター",False,"情報システム部",2020/01/31,"情報システム部",2020/01/31
"00179","メインアニメーター・アクション作画監修",False,"情報システム部",2020/01/31,"情報システム部",2020/01/31
"00180","メインキャラクターデザイン",False,"情報システム部",2020/01/31,"情報システム部",2020/01/31
"00181","メインキャラデザイン",False,"情報システム部",2020/01/31,"情報システム部",2020/01/31
"00182","メインプロップデザイン",False,"情報システム部",2020/01/31,"情報システム部",2020/01/31
"00183","メインメカニックデザイン",False,"情報システム部",2020/01/31,"情報システム部",2020/01/31
"00184","メインモンスターデザイン",False,"情報システム部",2020/01/31,"情報システム部",2020/01/31
"00185","メカデザイン",False,"情報システム部",2020/01/31,"情報システム部",2020/01/31
"00186","メカデザイン・メカ作画監督",False,"情報システム部",2020/01/31,"情報システム部",2020/01/31
"00187","メカニカルデザイン",False,"情報システム部",2020/01/31,"情報システム部",2020/01/31
"00188","メカニカル総作画監督",False,"情報システム部",2020/01/31,"情報システム部",2020/01/31
"00189","メカニックデザイン",False,"情報システム部",2020/01/31,"情報システム部",2020/01/31
"00190","メカニックデザイン・プロップデザイン",False,"情報システム部",2020/01/31,"情報システム部",2020/01/31
"00191","メカニックデザイン・銃器作画監督",False,"情報システム部",2020/01/31,"情報システム部",2020/01/31
"00192","モーショングラフィックス",False,"情報システム部",2020/01/31,"情報システム部",2020/01/31
"00193","モデリングスーパーバイザー",False,"情報システム部",2020/01/31,"情報システム部",2020/01/31
"00194","モビルスーツ原案",False,"情報システム部",2020/01/31,"情報システム部",2020/01/31
"00195","モンスターデザイン",False,"情報システム部",2020/01/31,"情報システム部",2020/01/31
"00196","ライティング＆コンポジットスーパーバイザー",False,"情報システム部",2020/01/31,"情報システム部",2020/01/31
"00197","ライドデザイン",False,"情報システム部",2020/01/31,"情報システム部",2020/01/31
"00198","リギングスーパーバイザー",False,"情報システム部",2020/01/31,"情報システム部",2020/01/31
"00199","ルックデベロップメントスーパーバイザー",False,"情報システム部",2020/01/31,"情報システム部",2020/01/31
"00200","レイアウト・アニメーションスーパーバイザー",False,"情報システム部",2020/01/31,"情報システム部",2020/01/31
"00201","囲碁アドバイザー",False,"情報システム部",2020/01/31,"情報システム部",2020/01/31
"00202","医学アドバイザー",False,"情報システム部",2020/01/31,"情報システム部",2020/01/31
"00203","医療監修",False,"情報システム部",2020/01/31,"情報システム部",2020/01/31
"00204","演技事務",False,"情報システム部",2020/01/31,"情報システム部",2020/01/31
"00205","演出",False,"情報システム部",2020/01/31,"情報システム部",2020/01/31
"00206","演出助手",False,"情報システム部",2020/01/31,"情報システム部",2020/01/31
"00207","音楽",False,"情報システム部",2020/01/31,"情報システム部",2020/01/31
"00208","音楽スーパーバイザー",False,"情報システム部",2020/01/31,"情報システム部",2020/01/31
"00209","音楽プロデューサー",False,"情報システム部",2020/01/31,"情報システム部",2020/01/31
"00210","音楽プロデュース",False,"情報システム部",2020/01/31,"情報システム部",2020/01/31
"00211","音楽監修",False,"情報システム部",2020/01/31,"情報システム部",2020/01/31
"00212","音楽監督",False,"情報システム部",2020/01/31,"情報システム部",2020/01/31
"00213","音楽協力",False,"情報システム部",2020/01/31,"情報システム部",2020/01/31
"00214","音楽制作",False,"情報システム部",2020/01/31,"情報システム部",2020/01/31
"00215","音楽制作・協力",False,"情報システム部",2020/01/31,"情報システム部",2020/01/31
"00216","音楽制作協力",False,"情報システム部",2020/01/31,"情報システム部",2020/01/31
"00217","音楽製作",False,"情報システム部",2020/01/31,"情報システム部",2020/01/31
"00218","音楽総合プロデューサー",False,"情報システム部",2020/01/31,"情報システム部",2020/01/31
"00219","音響スタジオ",False,"情報システム部",2020/01/31,"情報システム部",2020/01/31
"00220","音響プロデューサー",False,"情報システム部",2020/01/31,"情報システム部",2020/01/31
"00221","音響演出",False,"情報システム部",2020/01/31,"情報システム部",2020/01/31
"00222","音響監修",False,"情報システム部",2020/01/31,"情報システム部",2020/01/31
"00223","音響監督",False,"情報システム部",2020/01/31,"情報システム部",2020/01/31
"00224","音響監督・調整",False,"情報システム部",2020/01/31,"情報システム部",2020/01/31
"00225","音響効果",False,"情報システム部",2020/01/31,"情報システム部",2020/01/31
"00226","音響制作",False,"情報システム部",2020/01/31,"情報システム部",2020/01/31
"00227","音響制作協力",False,"情報システム部",2020/01/31,"情報システム部",2020/01/31
"00228","音響制作担当",False,"情報システム部",2020/01/31,"情報システム部",2020/01/31
"00229","音響調整",False,"情報システム部",2020/01/31,"情報システム部",2020/01/31
"00230","画",False,"情報システム部",2020/01/31,"情報システム部",2020/01/31
"00231","絵コンテ",False,"情報システム部",2020/01/31,"情報システム部",2020/01/31
"00232","各話演出",False,"情報システム部",2020/01/31,"情報システム部",2020/01/31
"00233","監修",False,"情報システム部",2020/01/31,"情報システム部",2020/01/31
"00234","監督",False,"情報システム部",2020/01/31,"情報システム部",2020/01/31
"00235","監督・AR演出",False,"情報システム部",2020/01/31,"情報システム部",2020/01/31
"00236","監督・キャラクターデザイン",False,"情報システム部",2020/01/31,"情報システム部",2020/01/31
"00237","監督・シリーズ構成",False,"情報システム部",2020/01/31,"情報システム部",2020/01/31
"00238","監督・シリーズ構成 ",False,"情報システム部",2020/01/31,"情報システム部",2020/01/31
"00239","監督・音響監督",False,"情報システム部",2020/01/31,"情報システム部",2020/01/31
"00240","監督・音響監督 ",False,"情報システム部",2020/01/31,"情報システム部",2020/01/31
"00241","監督・絵コンテ",False,"情報システム部",2020/01/31,"情報システム部",2020/01/31
"00242","監督・脚本",False,"情報システム部",2020/01/31,"情報システム部",2020/01/31
"00243","監督・脚本・シリーズ構成",False,"情報システム部",2020/01/31,"情報システム部",2020/01/31
"00244","監督・脚本・絵コンテ",False,"情報システム部",2020/01/31,"情報システム部",2020/01/31
"00245","監督・構成",False,"情報システム部",2020/01/31,"情報システム部",2020/01/31
"00246","監督助手",False,"情報システム部",2020/01/31,"情報システム部",2020/01/31
"00247","監督補佐",False,"情報システム部",2020/01/31,"情報システム部",2020/01/31
"00248","企画",False,"情報システム部",2020/01/31,"情報システム部",2020/01/31
"00249","企画・チーフプロデューサー",False,"情報システム部",2020/01/31,"情報システム部",2020/01/31
"00250","企画プロデューサー",False,"情報システム部",2020/01/31,"情報システム部",2020/01/31
"00251","企画協力",False,"情報システム部",2020/01/31,"情報システム部",2020/01/31
"00252","脚色",False,"情報システム部",2020/01/31,"情報システム部",2020/01/31
"00253","脚注・設定監修",False,"情報システム部",2020/01/31,"情報システム部",2020/01/31
"00254","脚注・設定監修・地図作成",False,"情報システム部",2020/01/31,"情報システム部",2020/01/31
"00255","脚本",False,"情報システム部",2020/01/31,"情報システム部",2020/01/31
"00256","脚本・シリーズ構成",False,"情報システム部",2020/01/31,"情報システム部",2020/01/31
"00257","脚本協力・忍術創案",False,"情報システム部",2020/01/31,"情報システム部",2020/01/31
"00258","巨人設定",False,"情報システム部",2020/01/31,"情報システム部",2020/01/31
"00259","協力",False,"情報システム部",2020/01/31,"情報システム部",2020/01/31
"00260","軍事考証",False,"情報システム部",2020/01/31,"情報システム部",2020/01/31
"00261","警察監修",False,"情報システム部",2020/01/31,"情報システム部",2020/01/31
"00262","劇画",False,"情報システム部",2020/01/31,"情報システム部",2020/01/31
"00263","原案",False,"情報システム部",2020/01/31,"情報システム部",2020/01/31
"00264","原案・監修",False,"情報システム部",2020/01/31,"情報システム部",2020/01/31
"00265","原案・取材協力",False,"情報システム部",2020/01/31,"情報システム部",2020/01/31
"00266","原案協力",False,"情報システム部",2020/01/31,"情報システム部",2020/01/31
"00267","原作",False,"情報システム部",2020/01/31,"情報システム部",2020/01/31
"00268","原作・監修",False,"情報システム部",2020/01/31,"情報システム部",2020/01/31
"00269","原作・原案",False,"情報システム部",2020/01/31,"情報システム部",2020/01/31
"00270","原作・構成",False,"情報システム部",2020/01/31,"情報システム部",2020/01/31
"00271","原作・設定",False,"情報システム部",2020/01/31,"情報システム部",2020/01/31
"00272","原作協力",False,"情報システム部",2020/01/31,"情報システム部",2020/01/31
"00273","効果",False,"情報システム部",2020/01/31,"情報システム部",2020/01/31
"00274","構成",False,"情報システム部",2020/01/31,"情報システム部",2020/01/31
"00275","構成協力",False,"情報システム部",2020/01/31,"情報システム部",2020/01/31
"00276","細菌キャラクターデザイン・プロップデザイン・アクション作画監督",False,"情報システム部",2020/01/31,"情報システム部",2020/01/31
"00277","作",False,"情報システム部",2020/01/31,"情報システム部",2020/01/31
"00278","作画",False,"情報システム部",2020/01/31,"情報システム部",2020/01/31
"00279","作画監修",False,"情報システム部",2020/01/31,"情報システム部",2020/01/31
"00280","作画監督",False,"情報システム部",2020/01/31,"情報システム部",2020/01/31
"00281","作画協力",False,"情報システム部",2020/01/31,"情報システム部",2020/01/31
"00282","作者",False,"情報システム部",2020/01/31,"情報システム部",2020/01/31
"00283","撮影",False,"情報システム部",2020/01/31,"情報システム部",2020/01/31
"00284","撮影スタジオ",False,"情報システム部",2020/01/31,"情報システム部",2020/01/31
"00285","撮影監修",False,"情報システム部",2020/01/31,"情報システム部",2020/01/31
"00286","撮影監督",False,"情報システム部",2020/01/31,"情報システム部",2020/01/31
"00287","撮影監督・3Dディレクター",False,"情報システム部",2020/01/31,"情報システム部",2020/01/31
"00288","撮影監督補佐",False,"情報システム部",2020/01/31,"情報システム部",2020/01/31
"00289","仕上",False,"情報システム部",2020/01/31,"情報システム部",2020/01/31
"00290","銃器デザイン",False,"情報システム部",2020/01/31,"情報システム部",2020/01/31
"00291","銃器作画監督",False,"情報システム部",2020/01/31,"情報システム部",2020/01/31
"00292","書",False,"情報システム部",2020/01/31,"情報システム部",2020/01/31
"00293","助監督",False,"情報システム部",2020/01/31,"情報システム部",2020/01/31
"00294","小説",False,"情報システム部",2020/01/31,"情報システム部",2020/01/31
"00295","小説版キャラクター原案",False,"情報システム部",2020/01/31,"情報システム部",2020/01/31
"00296","小説版原作",False,"情報システム部",2020/01/31,"情報システム部",2020/01/31
"00297","小物・メカデザイン",False,"情報システム部",2020/01/31,"情報システム部",2020/01/31
"00298","小物デザイン",False,"情報システム部",2020/01/31,"情報システム部",2020/01/31
"00299","小物設定",False,"情報システム部",2020/01/31,"情報システム部",2020/01/31
"00300","色彩監督",False,"情報システム部",2020/01/31,"情報システム部",2020/01/31
"00301","色彩設計",False,"情報システム部",2020/01/31,"情報システム部",2020/01/31
"00302","色彩設計補佐",False,"情報システム部",2020/01/31,"情報システム部",2020/01/31
"00303","色彩設定",False,"情報システム部",2020/01/31,"情報システム部",2020/01/31
"00304","色指定検査",False,"情報システム部",2020/01/31,"情報システム部",2020/01/31
"00305","制作",False,"情報システム部",2020/01/31,"情報システム部",2020/01/31
"00306","制作チーフ",False,"情報システム部",2020/01/31,"情報システム部",2020/01/31
"00307","制作デスク",False,"情報システム部",2020/01/31,"情報システム部",2020/01/31
"00308","制作プロデューサー",False,"情報システム部",2020/01/31,"情報システム部",2020/01/31
"00309","制作総指揮",False,"情報システム部",2020/01/31,"情報システム部",2020/01/31
"00310","制作担当",False,"情報システム部",2020/01/31,"情報システム部",2020/01/31
"00311","制作統括",False,"情報システム部",2020/01/31,"情報システム部",2020/01/31
"00312","製作担当",False,"情報システム部",2020/01/31,"情報システム部",2020/01/31
"00313","製作統括",False,"情報システム部",2020/01/31,"情報システム部",2020/01/31
"00314","設定",False,"情報システム部",2020/01/31,"情報システム部",2020/01/31
"00315","設定協力",False,"情報システム部",2020/01/31,"情報システム部",2020/01/31
"00316","設定制作",False,"情報システム部",2020/01/31,"情報システム部",2020/01/31
"00317","宣伝",False,"情報システム部",2020/01/31,"情報システム部",2020/01/31
"00318","総監修",False,"情報システム部",2020/01/31,"情報システム部",2020/01/31
"00319","総監修・設定",False,"情報システム部",2020/01/31,"情報システム部",2020/01/31
"00320","総監督",False,"情報システム部",2020/01/31,"情報システム部",2020/01/31
"00321","総監督・シリーズ構成",False,"情報システム部",2020/01/31,"情報システム部",2020/01/31
"00322","総合プロデューサー",False,"情報システム部",2020/01/31,"情報システム部",2020/01/31
"00323","総作画監督",False,"情報システム部",2020/01/31,"情報システム部",2020/01/31
"00324","総美術監督・美術監修・美術監督",False,"情報システム部",2020/01/31,"情報システム部",2020/01/31
"00325","造形監督",False,"情報システム部",2020/01/31,"情報システム部",2020/01/31
"00326","谷口淳一郎",False,"情報システム部",2020/01/31,"情報システム部",2020/01/31
"00327","著",False,"情報システム部",2020/01/31,"情報システム部",2020/01/31
"00328","著者",False,"情報システム部",2020/01/31,"情報システム部",2020/01/31
"00329","調整",False,"情報システム部",2020/01/31,"情報システム部",2020/01/31
"00330","動画監督",False,"情報システム部",2020/01/31,"情報システム部",2020/01/31
"00331","動物デザイン",False,"情報システム部",2020/01/31,"情報システム部",2020/01/31
"00332","得物デザイン",False,"情報システム部",2020/01/31,"情報システム部",2020/01/31
"00333","特技監督",False,"情報システム部",2020/01/31,"情報システム部",2020/01/31
"00334","特効監修",False,"情報システム部",2020/01/31,"情報システム部",2020/01/31
"00335","特撮監督",False,"情報システム部",2020/01/31,"情報システム部",2020/01/31
"00336","特殊回想シーンVFXスーパーバイザー",False,"情報システム部",2020/01/31,"情報システム部",2020/01/31
"00337","特殊回想シーンイラスト",False,"情報システム部",2020/01/31,"情報システム部",2020/01/31
"00338","特殊回想シーン演出・コンポジット",False,"情報システム部",2020/01/31,"情報システム部",2020/01/31
"00339","特殊回想シーン美術",False,"情報システム部",2020/01/31,"情報システム部",2020/01/31
"00340","特殊効果",False,"情報システム部",2020/01/31,"情報システム部",2020/01/31
"00341","特殊作画・アクション監修",False,"情報システム部",2020/01/31,"情報システム部",2020/01/31
"00342","背景",False,"情報システム部",2020/01/31,"情報システム部",2020/01/31
"00343","背景スタジオ",False,"情報システム部",2020/01/31,"情報システム部",2020/01/31
"00344","背景美術",False,"情報システム部",2020/01/31,"情報システム部",2020/01/31
"00345","番組宣伝",False,"情報システム部",2020/01/31,"情報システム部",2020/01/31
"00346","番組担当",False,"情報システム部",2020/01/31,"情報システム部",2020/01/31
"00347","美術",False,"情報システム部",2020/01/31,"情報システム部",2020/01/31
"00348","美術デザイン",False,"情報システム部",2020/01/31,"情報システム部",2020/01/31
"00349","美術監修",False,"情報システム部",2020/01/31,"情報システム部",2020/01/31
"00350","美術監督",False,"情報システム部",2020/01/31,"情報システム部",2020/01/31
"00351","美術監督・設定",False,"情報システム部",2020/01/31,"情報システム部",2020/01/31
"00352","美術監督・美術",False,"情報システム部",2020/01/31,"情報システム部",2020/01/31
"00353","美術監督・美術設定",False,"情報システム部",2020/01/31,"情報システム部",2020/01/31
"00354","美術設計",False,"情報システム部",2020/01/31,"情報システム部",2020/01/31
"00355","美術設定",False,"情報システム部",2020/01/31,"情報システム部",2020/01/31
"00356","美術設定・画面設計",False,"情報システム部",2020/01/31,"情報システム部",2020/01/31
"00357","美術設定・美術監督",False,"情報システム部",2020/01/31,"情報システム部",2020/01/31
"00358","美術設定デザイン",False,"情報システム部",2020/01/31,"情報システム部",2020/01/31
"00359","美術設定協力",False,"情報システム部",2020/01/31,"情報システム部",2020/01/31
"00360","武器デザイン",False,"情報システム部",2020/01/31,"情報システム部",2020/01/31
"00361","副監督",False,"情報システム部",2020/01/31,"情報システム部",2020/01/31
"00362","服飾デザイン",False,"情報システム部",2020/01/31,"情報システム部",2020/01/31
"00363","文芸",False,"情報システム部",2020/01/31,"情報システム部",2020/01/31
"00364","文芸制作",False,"情報システム部",2020/01/31,"情報システム部",2020/01/31
"00365","文芸担当",False,"情報システム部",2020/01/31,"情報システム部",2020/01/31
"00366","編集",False,"情報システム部",2020/01/31,"情報システム部",2020/01/31
"00367","編集スタジオ",False,"情報システム部",2020/01/31,"情報システム部",2020/01/31
"00368","編集協力",False,"情報システム部",2020/01/31,"情報システム部",2020/01/31
"00369","編集部担当",False,"情報システム部",2020/01/31,"情報システム部",2020/01/31
"00370","魔導具デザイン",False,"情報システム部",2020/01/31,"情報システム部",2020/01/31
"00371","漫画",False,"情報システム部",2020/01/31,"情報システム部",2020/01/31
"00372","漫画原作",False,"情報システム部",2020/01/31,"情報システム部",2020/01/31
"00373","漫画版協力",False,"情報システム部",2020/01/31,"情報システム部",2020/01/31
"00374","野球監修",False,"情報システム部",2020/01/31,"情報システム部",2020/01/31
"00375","妖・神器デザイン",False,"情報システム部",2020/01/31,"情報システム部",2020/01/31
"00376","妖デザイン",False,"情報システム部",2020/01/31,"情報システム部",2020/01/31
"00377","妖怪デザイン",False,"情報システム部",2020/01/31,"情報システム部",2020/01/31
"00378","錬成陣デザイン",False,"情報システム部",2020/01/31,"情報システム部",2020/01/31
"00379","録音",False,"情報システム部",2020/01/31,"情報システム部",2020/01/31
"00380","録音スタジオ",False,"情報システム部",2020/01/31,"情報システム部",2020/01/31
"00381","録音監督",False,"情報システム部",2020/01/31,"情報システム部",2020/01/31
"00382","録音助手",False,"情報システム部",2020/01/31,"情報システム部",2020/01/31
"00383","録音調整",False,"情報システム部",2020/01/31,"情報システム部",2020/01/31
