﻿"title_category_code","title_category_name","invalid_flg","create_user","create_time","update_user","update_time"
"01","マンガ",False,"情報システム部",2020/01/07,"情報システム部",2020/01/07
"02","小説",False,"情報システム部",2020/01/07,"情報システム部",2020/01/07
"03","アニメ",False,"情報システム部",2020/01/07,"情報システム部",2020/01/07
"04","アプリ",False,"情報システム部",2020/01/07,"情報システム部",2020/01/07
"05","ゲーム",False,"情報システム部",2020/01/07,"情報システム部",2020/01/07
"06","Twitter",False,"情報システム部",2020/01/07,"情報システム部",2020/01/07
"07","メディアレポート",False,"情報システム部",2020/01/07,"情報システム部",2020/01/07
