﻿"news_id","subject","headline","details","link_url","news_start_yyyymmdd","news_end_yyyymmdd","invalid_flg","create_user","create_time","update_user","update_time"
1,"2019年10月1日　i-note（アイノテ）テストリリース","i-note（アイノテ）が限定公開しました。","i-note（アイノテ）が限定公開しました。テスト段階ですので、皆様のフィードバックをお待ちしております。","https://forms.office.com/Pages/ResponsePage.aspx?id=q7kiOCyrIE-ozavmrJhsN7rqdkdxo2hGsn7Dc_9s53hUMlBMQlFVVEQ1UVJKSVcyRkE2WkxZN1M4WC4u","20191001","20991231",False,"管理者 ユーザー",2019/09/20 9:18:32.167,"管理者 ユーザー",2019/09/20 9:18:32.167
2,"2020年2月19日　i-note（アイノテ）全社公開","i-note（アイノテ）が全社公開しました。","i-note（アイノテ）が全社公開しました。本ツールに関するご意見、不具合報告などございましたらこちらからお願いいたします。","https://forms.office.com/Pages/ResponsePage.aspx?id=q7kiOCyrIE-ozavmrJhsN7rqdkdxo2hGsn7Dc_9s53hUMlBMQlFVVEQ1UVJKSVcyRkE2WkxZN1M4WC4u","20200219","20991231",False,"管理者 ユーザー",2020/02/19 15:00:00,"管理者 ユーザー",2020/02/19 15:00:00
3,"2020年3月27日　システムメンテナンス実施","3/27(金) 19:00～21:00 にシステムメンテナンスを実施いたします。","3/27(金) 19:00～21:00 にシステムメンテナンスを実施いたします。
システムメンテナンス中はi-noteをご利用いただく事が出来ませんのでご注意ください。","https://forms.office.com/Pages/ResponsePage.aspx?id=q7kiOCyrIE-ozavmrJhsN7rqdkdxo2hGsn7Dc_9s53hUMlBMQlFVVEQ1UVJKSVcyRkE2WkxZN1M4WC4u","20200324","20200326",False,"情報システム部 口石",2020/03/24 13:49:34.587,"情報システム部 口石",2020/03/24 13:49:34.587
