﻿"twitter_code","twitter_id","account_create_time","user_name","account_name","main_account_flg","auto_collect_flg","invalid_flg","create_user","create_time","update_user","update_time"
"T000000001","993283496",2012/12/06 15:27:40,"anime_shingeki","アニメ「進撃の巨人」公式アカウント",True,True,False,"情報システム部",2020/01/07,"情報システム部",2020/01/07
"T000000002","2349746582",2014/02/18 7:54:31,"OPcom_info","ONE PIECE.com(ワンピース)",True,True,False,"情報システム部",2020/01/07,"情報システム部",2020/01/07
"T000000003","1311169644",2013/03/28 16:59:36,"yowapeda_anime","弱虫ペダル GLORY LINE",True,True,False,"情報システム部",2020/01/07,"情報システム部",2020/01/07
"T000000004","423954006",2011/11/29 4:12:08,"hunter_anime","アニメ「HUNTER×HUNTER」",True,True,False,"情報システム部",2020/01/07,"情報システム部",2020/01/07
"T000000006","1126081508903571462",2019/05/08 11:08:48,"hokuto_revive","北斗の拳 LEGENDS ReVIVE【公式】好評配信中！",True,True,False,"情報システム部",2020/01/07,"情報システム部",2020/01/07
"T000000007","2386541078",2014/03/13 7:27:34,"7_taizai","TVアニメ＆劇場版「七つの大罪」",True,True,False,"情報システム部",2020/01/07,"情報システム部",2020/01/07
"T000000008","2609092044",2014/07/07 7:14:37,"hagaren_anime","鋼の錬金術師FA",True,True,False,"情報システム部",2020/01/07,"情報システム部",2020/01/07
"T000000009","2349469398",2014/02/18 3:26:53,"nhk_babysteps","アニメ「ベイビーステップ」",True,True,False,"情報システム部",2020/01/07,"情報システム部",2020/01/07
"T000000010","128179494",2010/03/31 10:10:32,"conan_file","江戸川コナン",True,True,False,"情報システム部",2020/01/07,"情報システム部",2020/01/07
"T000000012","2959447968",2015/01/05 10:04:56,"Bleach_BS","BLEACH Brave Souls公式",True,True,False,"情報システム部",2020/01/07,"情報システム部",2020/01/07
"T000000015","2218755841",2013/11/28 2:24:36,"fairytail_PR","TVアニメ FAIRY TAIL 公式",True,True,False,"情報システム部",2020/01/07,"情報システム部",2020/01/07
"T000000016","3042106554",2015/02/26 2:36:47,"Ushitora_TV","TVアニメ「うしおととら」公式アカウント",True,True,False,"情報システム部",2020/01/07,"情報システム部",2020/01/07
"T000000017","634682401",2012/07/13 16:07:33,"diaace_official","ダイヤのA",True,True,False,"情報システム部",2020/01/07,"情報システム部",2020/01/07
"T000000018","819264097",2012/09/12 10:10:18,"haikyu_com","ハイキュー!!.com",True,True,False,"情報システム部",2020/01/07,"情報システム部",2020/01/07
"T000000019","2313065820",2014/01/27 5:32:34,"teambaki","「刃牙」シリーズ公式／シリーズ第５部「バキ道」連載中！",True,True,False,"情報システム部",2020/01/07,"情報システム部",2020/01/07
"T000000022","2816443333",2014/09/18 5:24:45,"DB30th","ドラゴンボールオフィシャルサイト",True,True,False,"情報システム部",2020/01/07,"情報システム部",2020/01/07
"T000000024","588223550",2012/05/23 11:45:11,"project_magi","TVアニメ「マギ シンドバッドの冒険」",True,True,False,"情報システム部",2020/01/07,"情報システム部",2020/01/07
"T000000025","1977360270",2013/10/21 4:27:56,"syokugeki_off","『食戟のソーマ』公式",True,True,False,"情報システム部",2020/01/07,"情報システム部",2020/01/07
"T000000026","770682888",2012/08/21 2:45:08,"gintamamovie","アニメ銀魂",True,True,False,"情報システム部",2020/01/07,"情報システム部",2020/01/07
"T000000028","963710978201305089",2018/02/14 9:46:16,"ten_sura_anime","【公式】TVアニメ『転生したらスライムだった件』",True,True,False,"情報システム部",2020/01/07,"情報システム部",2020/01/07
"T000000029","401831759",2011/10/31 4:44:26,"kurobasanime","アニメ黒子のバスケ",True,True,False,"情報システム部",2020/01/07,"情報システム部",2020/01/07
"T000000030","861198878",2012/10/04 10:45:44,"ansatsu_k","『暗殺教室』公式",True,True,False,"情報システム部",2020/01/07,"情報システム部",2020/01/07
"T000000031","2388758448",2014/03/14 9:21:20,"G_THE_ORIGIN","機動戦士ガンダム THE ORIGIN",True,True,False,"情報システム部",2020/01/07,"情報システム部",2020/01/07
"T000000035","270823721",2011/03/23 9:41:57,"araki_jojo","ジョジョの奇妙な冒険 公式",True,True,False,"情報システム部",2020/01/07,"情報システム部",2020/01/07
"T000000036","1977078998",2013/10/21 1:59:49,"W_Trigger_off","ワールドトリガー公式",True,True,False,"情報システム部",2020/01/07,"情報システム部",2020/01/07
"T000000037","611408446",2012/06/18 5:14:00,"ezono_official","「銀の匙 Silver Spoon」公式",True,True,False,"情報システム部",2020/01/07,"情報システム部",2020/01/07
"T000000040","4418648712",2015/12/01 8:45:54,"days_anime","TVアニメ「DAYS」公式",True,True,False,"情報システム部",2020/01/07,"情報システム部",2020/01/07
"T000000042","809752303204900868",2016/12/16 13:29:28,"valholl_enart","「ゴッドハンド輝」【公式】",True,True,False,"情報システム部",2020/01/07,"情報システム部",2020/01/07
"T000000043","2342953104",2014/02/14 2:48:38,"BONOBONO_phx","ぼのぼの【公式】グッズ情報",True,True,False,"情報システム部",2020/01/07,"情報システム部",2020/01/07
"T000000045","366415404",2011/09/02 4:05:43,"eva_information","エヴァインフォ公式",True,True,False,"情報システム部",2020/01/07,"情報システム部",2020/01/07
"T000000047","2357611448",2014/02/23 7:20:35,"magus_bride","原作まほよめ公式@詩篇2作品連載開始！",True,True,False,"情報システム部",2020/01/07,"情報システム部",2020/01/07
"T000000049","890462305363697665",2017/07/27 6:42:12,"hoshinengi_tv","TVアニメ「覇穹 封神演義」",True,True,False,"情報システム部",2020/01/07,"情報システム部",2020/01/07
"T000000051","862542197136146432",2017/05/11 5:37:39,"yuhaku_anime","アニメ「幽☆遊☆白書」公式",True,True,False,"情報システム部",2020/01/07,"情報システム部",2020/01/07
"T000000054","983316818818248707",2018/04/09 12:12:53,"yakuneba_staff","『約束のネバーランド』公式",True,True,False,"情報システム部",2020/01/07,"情報システム部",2020/01/07
"T000000057","3228018008",2015/05/27 8:13:58,"bokumachi_anime","TVアニメ「僕だけがいない街」",True,True,False,"情報システム部",2020/01/07,"情報システム部",2020/01/07
"T000000058","918419838",2012/11/01 7:09:13,"shigatsuhakimi","四月は君の嘘＆さよなら私のクラマー公式",True,True,False,"情報システム部",2020/01/07,"情報システム部",2020/01/07
"T000000059","2572605145",2014/06/17 9:28:03,"nobuconofficial","『信長協奏曲』公式アカウント",True,True,False,"情報システム部",2020/01/07,"情報システム部",2020/01/07
"T000000060","404809699",2011/11/04 12:56:25,"kindaichi20","金田一少年の事件簿R",True,True,False,"情報システム部",2020/01/07,"情報システム部",2020/01/07
"T000000061","586159699",2012/05/21 1:56:32,"knight_ex","エリアの騎士（テレビ朝日）",True,True,False,"情報システム部",2020/01/07,"情報システム部",2020/01/07
"T000000067","1524848994",2013/06/17 13:37:43,"toriko_info","『トリコ』公式",True,True,False,"情報システム部",2020/01/07,"情報システム部",2020/01/07
"T000000068","284431467",2011/04/19 8:11:00,"ruroken_anime","るろうに剣心",True,True,False,"情報システム部",2020/01/07,"情報システム部",2020/01/07
"T000000071","958566743332605952",2018/01/31 5:04:55,"zetchil_kousiki","普通の人(絶チル公式)",True,True,False,"情報システム部",2020/01/07,"情報システム部",2020/01/07
"T000000072","2835847225",2014/09/30 10:23:42,"arslan_anime","アニメ『アルスラーン戦記』公式",True,True,False,"情報システム部",2020/01/07,"情報システム部",2020/01/07
"T000000074","705650319661764608",2016/03/04 7:05:21,"dome_mousou","ドメカノ（公式）",True,True,False,"情報システム部",2020/01/07,"情報システム部",2020/01/07
"T000000075","2328741865",2014/02/05 12:47:14,"brkmn_anime","TVアニメ「ばらかもん」公式アカウント",True,True,False,"情報システム部",2020/01/07,"情報システム部",2020/01/07
"T000000076","1070601359890632704",2018/12/06 8:50:29,"mix_ytvanime","【公式】TVアニメ「MIX」",True,True,False,"情報システム部",2020/01/07,"情報システム部",2020/01/07
"T000000077","882678092094783488",2017/07/05 19:10:31,"blackclover_off","ブラッククローバー【公式】",True,True,False,"情報システム部",2020/01/07,"情報システム部",2020/01/07
"T000000078","224500145",2010/12/09 4:56:50,"aoex_anime","TVアニメ『青の祓魔師 京都不浄王篇』",True,True,False,"情報システム部",2020/01/07,"情報システム部",2020/01/07
"T000000079","2942604882",2014/12/25 8:12:11,"cxw_k","クローズ×WORST_KONAMI公式",True,True,False,"情報システム部",2020/01/07,"情報システム部",2020/01/07
"T000000080","1004094469",2012/12/11 13:55:05,"akunohana_anime","akunohana_anime",True,True,False,"情報システム部",2020/01/07,"情報システム部",2020/01/07
"T000000081","198190620",2010/10/03 16:17:08,"toloveru_com","ToLOVEる-とらぶる-ダークネス公式",True,True,False,"情報システム部",2020/01/07,"情報システム部",2020/01/07
"T000000082","1108982570438414336",2019/03/22 6:43:43,"tenipuri_staff","『新テニスの王子様』公式",True,True,False,"情報システム部",2020/01/07,"情報システム部",2020/01/07
"T000000085","837578912427188224",2017/03/03 8:22:29,"seiya_offcial","【聖闘士星矢】公式",True,True,False,"情報システム部",2020/01/07,"情報システム部",2020/01/07
"T000000089","4493922312",2015/12/08 6:32:36,"koenokatachi_M","映画『聲の形』公式",True,True,False,"情報システム部",2020/01/07,"情報システム部",2020/01/07
"T000000092","920688722",2012/11/02 9:38:34,"nisekoi_k","『ニセコイ』公式アカウント",True,True,False,"情報システム部",2020/01/07,"情報システム部",2020/01/07
"T000000097","916199724",2012/10/31 5:36:41,"mashironooto","「ましろのおと」公式",True,True,False,"情報システム部",2020/01/07,"情報システム部",2020/01/07
"T000000098","803161298041085952",2016/11/28 8:59:10,"bebluesgame","BEBLUES！~龍の挑戦~",True,True,False,"情報システム部",2020/01/07,"情報システム部",2020/01/07
"T000000349","2204583110",2013/11/20 9:17:44,"mushishi_anime","アニメ蟲師",True,True,False,"情報システム部",2020/01/07,"情報システム部",2020/01/07
"T000000100","769619180949602304",2016/08/27 19:34:46,"youjosenki","「幼女戦記」アニメ公式【劇場版Blu-ray＆DVD好評発売中！】",True,True,False,"情報システム部",2020/01/07,"情報システム部",2020/01/07
"T000000101","1515804247",2013/06/14 8:35:19,"noragami_PR","アニメ「ノラガミ ARAGOTO」公式",True,True,False,"情報システム部",2020/01/07,"情報システム部",2020/01/07
"T000000103","2509673508",2014/05/20 8:15:14,"TrinitySeven_PR","「劇場版 トリニティセブン 第2弾」公式",True,True,False,"情報システム部",2020/01/07,"情報システム部",2020/01/07
"T000000104","799629701601837056",2016/11/18 15:05:52,"kimetsu_off","鬼滅の刃公式",True,True,False,"情報システム部",2020/01/07,"情報システム部",2020/01/07
"T000000106","965571611947548672",2018/02/19 12:59:46,"ahirunosora_tv","TVアニメ「あひるの空」公式",True,True,False,"情報システム部",2020/01/07,"情報システム部",2020/01/07
"T000000108","2983988287",2015/01/15 10:07:21,"nhk_rinne","アニメ「境界のＲＩＮＮＥ」",True,True,False,"情報システム部",2020/01/07,"情報システム部",2020/01/07
"T000000111","4343650213",2015/11/24 9:43:16,"dgrayman_anime","アニメD.Gray-man HALLOW",True,True,False,"情報システム部",2020/01/07,"情報システム部",2020/01/07
"T000000112","1192471352",2013/02/18 8:25:48,"nozaki_anime","TVアニメ「月刊少女野崎くん」",True,True,False,"情報システム部",2020/01/07,"情報システム部",2020/01/07
"T000000115","363366050",2011/08/27 23:56:25,"mirai_nikki","アニメ「ビッグオーダー」＆「未来日記」",True,True,False,"情報システム部",2020/01/07,"情報システム部",2020/01/07
"T000000117","832034550930776065",2017/02/16 1:11:10,"kakegurui_anime","TVアニメ「賭ケグルイ××」公式",True,True,False,"情報システム部",2020/01/07,"情報システム部",2020/01/07
"T000000118","836128988841979904",2017/02/27 8:21:00,"UQHOLDER_anime","TVアニメ「UQ HOLDER! 」",True,True,False,"情報システム部",2020/01/07,"情報システム部",2020/01/07
"T000000119","634404468",2012/07/13 5:40:39,"lagoon_revy","BLACK LAGOON アニメ公式",True,True,False,"情報システム部",2020/01/07,"情報システム部",2020/01/07
"T000000120","916267346",2012/10/31 6:25:11,"borurumu","「ボールルームへようこそ」公式",True,True,False,"情報システム部",2020/01/07,"情報システム部",2020/01/07
"T000000122","718654505210908677",2016/04/09 4:19:20,"saikikusuo_PR","アニメ「斉木楠雄のΨ難」公式アカウント",True,True,False,"情報システム部",2020/01/07,"情報システム部",2020/01/07
"T000000123","923792213074522112",2017/10/27 6:03:21,"kengankai","「ケンガンアシュラ」公式",True,True,False,"情報システム部",2020/01/07,"情報システム部",2020/01/07
"T000000125","898837742578089989",2017/08/19 9:23:12,"cityhuntermovie","アニメ「劇場版シティーハンター ＜新宿プライベート･アイズ＞」公式",True,True,False,"情報システム部",2020/01/07,"情報システム部",2020/01/07
"T000000127","3037270964",2015/02/23 3:44:22,"over_lord_anime","オーバーロード／TVアニメ公式",True,True,False,"情報システム部",2020/01/07,"情報システム部",2020/01/07
"T000000131","1094129587",2013/01/16 4:34:51,"anime_kimimachi","アニメ君のいる町_公式",True,True,False,"情報システム部",2020/01/07,"情報システム部",2020/01/07
"T000000135","2882009094",2014/10/29 12:13:50,"kekkaisensen","TVアニメ『血界戦線』",True,True,False,"情報システム部",2020/01/07,"情報システム部",2020/01/07
"T000000136","632066373",2012/07/10 13:35:59,"maoyu_anime","TVアニメ「まおゆう魔王勇者」公式",True,True,False,"情報システム部",2020/01/07,"情報システム部",2020/01/07
"T000000137","2776039712",2014/08/28 8:45:45,"owarino_seraph","終わりのセラフ公式",True,True,False,"情報システム部",2020/01/07,"情報システム部",2020/01/07
"T000000138","2711533164",2014/08/06 9:02:12,"nube_off","地獄先生ぬ～べ～公式",True,True,False,"情報システム部",2020/01/07,"情報システム部",2020/01/07
"T000000139","861465598928093184",2017/05/08 6:19:38,"Altair_Kyros","漫画『将国のアルタイル』公式_キュロス",True,True,False,"情報システム部",2020/01/07,"情報システム部",2020/01/07
"T000000141","968794583176945666",2018/02/28 10:26:42,"Beastars_WC","BEASTARS公式",True,True,False,"情報システム部",2020/01/07,"情報システム部",2020/01/07
"T000000153","205544236",2010/10/21 3:09:42,"giant_killing_","ジャイキリ",True,True,False,"情報システム部",2020/01/07,"情報システム部",2020/01/07
"T000000154","194487817",2010/09/24 7:25:21,"berserk_project","ベルセルク公式ツイッター＠最新40巻発売中",True,True,False,"情報システム部",2020/01/07,"情報システム部",2020/01/07
"T000000157","3025785762",2015/02/18 13:02:16,"prison_anime","『監獄学園』TVアニメ公式",True,True,False,"情報システム部",2020/01/07,"情報システム部",2020/01/07
"T000000158","1247640930",2013/03/07 1:33:35,"initialD_PR","『頭文字Ｄ』公式",True,True,False,"情報システム部",2020/01/07,"情報システム部",2020/01/07
"T000000159","3975849854",2015/10/22 3:17:28,"GANTZ_X_Proj","GANTZ:X｜ガンツ公式",True,True,False,"情報システム部",2020/01/07,"情報システム部",2020/01/07
"T000000160","4582109174",2015/12/17 6:41:12,"terra_official","「テラフォーマーズ」公式",True,True,False,"情報システム部",2020/01/07,"情報システム部",2020/01/07
"T000000162","712830735443296257",2016/03/24 2:37:45,"kamuy_official","ゴールデンカムイ(公式)",True,True,False,"情報システム部",2020/01/07,"情報システム部",2020/01/07
"T000000163","2686365895",2014/07/28 1:39:20,"kiseiju_anime","TVアニメ『寄生獣  セイの格率』公式",True,True,False,"情報システム部",2020/01/07,"情報システム部",2020/01/07
"T000000165","929268268358971392",2017/11/11 8:43:14,"3x3eyes_genga","【公式】3×3EYESーサザンアイズー原画展",True,True,False,"情報システム部",2020/01/07,"情報システム部",2020/01/07
"T000000166","2998896788",2015/01/28 2:33:46,"shinjuku_swan","好評発売＆レンタル中！『新宿スワンⅡ』",True,True,False,"情報システム部",2020/01/07,"情報システム部",2020/01/07
"T000000167","487709168",2012/02/09 17:15:22,"tkg_official","東京喰種トーキョーグール:re",True,True,False,"情報システム部",2020/01/07,"情報システム部",2020/01/07
"T000000169","4642330032",2015/12/24 9:23:24,"iamaheromovie","映画『アイアムアヒーロー』",True,True,False,"情報システム部",2020/01/07,"情報システム部",2020/01/07
"T000000170","712914856022843392",2016/03/24 8:12:01,"mariage_2015","神の雫最終章 マリアージュ公式",True,True,False,"情報システム部",2020/01/07,"情報システム部",2020/01/07
"T000000172","702046790992814080",2016/02/23 8:26:13,"usogui_10th","『嘘喰い』公式アカウント",True,True,False,"情報システム部",2020/01/07,"情報システム部",2020/01/07
"T000000180","913588391962230785",2017/09/29 2:17:01,"piano_anime_tv","TVアニメ　ピアノの森",True,True,False,"情報システム部",2020/01/07,"情報システム部",2020/01/07
"T000000181","2978348688",2015/01/13 3:47:20,"opm_anime","TVアニメ「ワンパンマン」公式",True,True,False,"情報システム部",2020/01/07,"情報システム部",2020/01/07
"T000000183","3219337231",2015/05/18 11:40:05,"anime_ajin","アニメ『亜人』",True,True,False,"情報システム部",2020/01/07,"情報システム部",2020/01/07
"T000000184","785753043790737408",2016/10/11 8:04:59,"higanjima_x","「彼岸島X」公式ツイッター",True,True,False,"情報システム部",2020/01/07,"情報システム部",2020/01/07
"T000000186","773096993610539008",2016/09/06 9:54:21,"onihei_anime","アニメ「鬼平」",True,True,False,"情報システム部",2020/01/07,"情報システム部",2020/01/07
"T000000189","910332223718428672",2017/09/20 2:38:10,"oofuri_anime","TVアニメ「おおきく振りかぶって」公式",True,True,False,"情報システム部",2020/01/07,"情報システム部",2020/01/07
"T000000191","1026427950776823808",2018/08/06 11:21:08,"shieldheroanime","TVアニメ『盾の勇者の成り上がり』",True,True,False,"情報システム部",2020/01/07,"情報システム部",2020/01/07
"T000000192","1150975596677095425",2019/07/16 3:49:01,"mugen_immortal","「無限の住人-IMMORTAL-」公式アカウント",True,True,False,"情報システム部",2020/01/07,"情報システム部",2020/01/07
"T000000198","2359263751",2014/02/24 9:49:54,"SIDONIA_anime","シドニアの騎士@4Kリマスター版放送開始決定",True,True,False,"情報システム部",2020/01/07,"情報システム部",2020/01/07
"T000000199","1943387370",2013/10/07 8:21:39,"saint_oniisan","聖☆おにいさん公式",True,True,False,"情報システム部",2020/01/07,"情報システム部",2020/01/07
"T000000202","871579865941540864",2017/06/05 4:10:08,"akagi_official_","マンガ「アカギ」公式",True,True,False,"情報システム部",2020/01/07,"情報システム部",2020/01/07
"T000000203","593468543",2012/05/29 7:28:57,"BTOOOM_anime","BTOOOM_anime",True,True,False,"情報システム部",2020/01/07,"情報システム部",2020/01/07
"T000000205","808991114212438016",2016/12/14 11:04:46,"inu_noitamina","TVアニメ「いぬやしき」公式",True,True,False,"情報システム部",2020/01/07,"情報システム部",2020/01/07
"T000000213","910039545952985089",2017/09/19 7:15:10,"soutenregenesis","「蒼天の拳 REGENESIS」公式",True,True,False,"情報システム部",2020/01/07,"情報システム部",2020/01/07
"T000000309","928796217378611201",2017/11/10 1:27:29,"MGSanime","「魔法少女サイト」アニメ公式",True,True,False,"情報システム部",2020/01/07,"情報システム部",2020/01/07
"T000000214","1083235449429061632",2019/01/10 5:33:51,"ST_daikokuten","アクタージュ act-age公式【スタジオ大黒天】",True,True,False,"情報システム部",2020/01/07,"情報システム部",2020/01/07
"T000000218","1038000265377415169",2018/09/07 9:45:23,"kenja_no_mago","TVアニメ『賢者の孫』公式",True,True,False,"情報システム部",2020/01/07,"情報システム部",2020/01/07
"T000000219","1132866625244237825",2019/05/27 4:30:25,"5Hanayome_ten","五等分の花嫁展【公式】",True,True,False,"情報システム部",2020/01/07,"情報システム部",2020/01/07
"T000000226","779664821306339328",2016/09/24 12:52:33,"demichan_comic","『亜人ちゃんは語りたい』漫画公式",True,True,False,"情報システム部",2020/01/07,"情報システム部",2020/01/07
"T000000228","869436075533631488",2017/05/30 6:11:28,"myhomehero","マイホームヒーロー★最新第9巻11月6日発売‼︎",True,True,False,"情報システム部",2020/01/07,"情報システム部",2020/01/07
"T000000234","870547677364101120",2017/06/02 7:48:35,"yurucamp_anime","TVアニメ「ゆるキャン△」公式",True,True,False,"情報システム部",2020/01/07,"情報システム部",2020/01/07
"T000000236","1028905059302617090",2018/08/13 7:24:17,"bokuben_anime","ぼくたちは勉強ができない！公式",True,True,False,"情報システム部",2020/01/07,"情報システム部",2020/01/07
"T000000241","907881275498700801",2017/09/13 8:18:58,"takagi3_anime","TVアニメ『からかい上手の高木さん』公式",True,True,False,"情報システム部",2020/01/07,"情報システム部",2020/01/07
"T000000245","758915711095808001",2016/07/29 6:43:00,"GoblinSlayer_GA","「ゴブリンスレイヤー」/ Goblin Slayer公式",True,True,False,"情報システム部",2020/01/07,"情報システム部",2020/01/07
"T000000246","4781112816",2016/01/19 3:42:46,"kingdom_yj","キングダム公式アカウント",True,True,False,"情報システム部",2020/01/07,"情報システム部",2020/01/07
"T000000247","4443371537",2015/12/11 1:32:16,"DriftersAnime","アニメDRIFTERS（ドリフターズ）",True,True,False,"情報システム部",2020/01/07,"情報システム部",2020/01/07
"T000000248","1341236592",2013/04/10 7:18:29,"428and_tweet","よつばとツイッター",True,True,False,"情報システム部",2020/01/07,"情報システム部",2020/01/07
"T000000249","2835793441",2014/09/30 6:52:36,"hozukiofficial","「鬼灯の冷徹」公式アカウント",True,True,False,"情報システム部",2020/01/07,"情報システム部",2020/01/07
"T000000252","856790446248349696",2017/04/25 8:42:15,"houseki_anime","TVアニメ『宝石の国』",True,True,False,"情報システム部",2020/01/07,"情報システム部",2020/01/07
"T000000253","150626817",2010/06/01 12:05:41,"kuroshitsuji2","アニメ「黒執事」公式",True,True,False,"情報システム部",2020/01/07,"情報システム部",2020/01/07
"T000000254","866866783646502912",2017/05/23 4:02:01,"hataraku_saibou","『はたらく細胞』公式",True,True,False,"情報システム部",2020/01/07,"情報システム部",2020/01/07
"T000000258","974349830947446788",2018/03/15 18:21:17,"dororo_anime","TVアニメ「どろろ」公式",True,True,False,"情報システム部",2020/01/07,"情報システム部",2020/01/07
"T000000260","123782675",2010/03/17 5:59:37,"nura_gumi","奴良組",True,True,False,"情報システム部",2020/01/07,"情報システム部",2020/01/07
"T000000264","1059698894567759872",2018/11/06 6:47:59,"GBGM_official","金色のガッシュベル!!　Golden Memories",True,True,False,"情報システム部",2020/01/07,"情報システム部",2020/01/07
"T000000270","3344085139",2015/08/26 3:09:37,"konosubaanime","アニメ『このすば』公式ツイッター",True,True,False,"情報システム部",2020/01/07,"情報システム部",2020/01/07
"T000000272","935415826605211649",2017/11/28 7:51:27,"yuragisou_anime","TVアニメ「ゆらぎ荘の幽奈さん」公式",True,True,False,"情報システム部",2020/01/07,"情報システム部",2020/01/07
"T000000273","749996130201579521",2016/07/04 15:59:46,"masamune_tv","TVアニメ「政宗くんのリベンジ」公式",True,True,False,"情報システム部",2020/01/07,"情報システム部",2020/01/07
"T000000274","1014005989060689920",2018/07/03 4:40:41,"smile_at_the_r","ランウェイで笑って【公式】",True,True,False,"情報システム部",2020/01/07,"情報システム部",2020/01/07
"T000000275","1014844063919435776",2018/07/05 12:10:54,"sewayakisenko","「世話やきキツネの仙狐さん」公式",True,True,False,"情報システム部",2020/01/07,"情報システム部",2020/01/07
"T000000276","1002452466858803200",2018/06/01 7:31:07,"skg20th","SHAMAN KING20th公式",True,True,False,"情報システム部",2020/01/07,"情報システム部",2020/01/07
"T000000279","970903599482994690",2018/03/06 6:07:11,"hi_score_girl","TVアニメ「ハイスコアガール」公式",True,True,False,"情報システム部",2020/01/07,"情報システム部",2020/01/07
"T000000280","4350658932",2015/11/25 1:23:56,"mobpsycho_anime","モブサイコ100",True,True,False,"情報システム部",2020/01/07,"情報システム部",2020/01/07
"T000000284","917935637214380033",2017/10/11 2:11:25,"BO_BOBOBD_BOX","ボボボーボ・ボーボボBD-BOX公式",True,True,False,"情報システム部",2020/01/07,"情報システム部",2020/01/07
"T000000287","742156055346479104",2016/06/13 0:46:07,"whistle_24","ホイッスル！公式",True,True,False,"情報システム部",2020/01/07,"情報システム部",2020/01/07
"T000000298","866520026416730112",2017/05/22 5:04:08,"yu_gi_oh_jp","【公式】YU-GI-OH.jp",True,True,False,"情報システム部",2020/01/07,"情報システム部",2020/01/07
"T000000300","1371709915",2013/04/22 9:23:35,"yozakura_anime","アニメ「夜桜四重奏～ハナノウタ～」公式",True,True,False,"情報システム部",2020/01/07,"情報システム部",2020/01/07
"T000000301","859233145467449344",2017/05/02 2:28:40,"YouapaAnime","妖怪アパートの幽雅な日常 公式アカウント",True,True,False,"情報システム部",2020/01/07,"情報システム部",2020/01/07
"T000000302","2456060863",2014/04/21 5:56:09,"animerurumo","アニメ「まじもじるるも」公式ついったー",True,True,False,"情報システム部",2020/01/07,"情報システム部",2020/01/07
"T000000304","969178670492299264",2018/03/01 11:52:56,"revisions_PR","「revisions リヴィジョンズ」公式",True,True,False,"情報システム部",2020/01/07,"情報システム部",2020/01/07
"T000000305","899911760764739584",2017/08/22 8:30:58,"hypnosismic","ヒプノシスマイク-D.R.B-公式(ヒプマイ)",True,True,False,"情報システム部",2020/01/07,"情報システム部",2020/01/07
"T000000307","836878333874954240",2017/03/01 9:58:38,"wc_mairuma","魔入りました！ 入間くん【公式】TVアニメ全国放送中！",True,True,False,"情報システム部",2020/01/07,"情報システム部",2020/01/07
"T000000308","994767314376708097",2018/05/11 2:33:04,"himawari_wc","「ヒマワリ」公式🌻全10巻大好評発売中!!",True,True,False,"情報システム部",2020/01/07,"情報システム部",2020/01/07
"T000000311","1004608702031151104",2018/06/07 6:19:14,"junior_wchamp","「ジュニオール 」公式",True,True,False,"情報システム部",2020/01/07,"情報システム部",2020/01/07
"T000000312","4594183514",2015/12/18 13:52:52,"johnwakawaii","「吸血鬼すぐ死ぬ」公式",True,True,False,"情報システム部",2020/01/07,"情報システム部",2020/01/07
"T000000314","361778777",2011/08/25 9:43:55,"sengoku_YM","センゴク",True,True,False,"情報システム部",2020/01/07,"情報システム部",2020/01/07
"T000000316","896967104783462400",2017/08/14 5:29:57,"TejinaYm","【公式】手品先輩＠最新6巻9/6発売！",True,True,False,"情報システム部",2020/01/07,"情報システム部",2020/01/07
"T000000318","1109058552558059520",2019/03/22 11:45:39,"sounan_desu_ka","【公式】ソウナンですか？5巻発売中‼︎",True,True,False,"情報システム部",2020/01/07,"情報システム部",2020/01/07
"T000000322","898105533562892289",2017/08/17 8:53:40,"mfg_ym","新公道最速伝説『MFゴースト』公式",True,True,False,"情報システム部",2020/01/07,"情報システム部",2020/01/07
"T000000324","735018144469680128",2016/05/24 8:02:36,"watashinoshonen","私の少年(公式)最新7巻11月6日発売決定‼︎",True,True,False,"情報システム部",2020/01/07,"情報システム部",2020/01/07
"T000000333","986921220938412032",2018/04/19 10:55:29,"KOBAN_JOSHI","交番女子／ハコヅメ公式",True,True,False,"情報システム部",2020/01/07,"情報システム部",2020/01/07
"T000000340","4289377214",2015/11/19 11:37:51,"sousei_PR","双星の陰陽師 公式",True,True,False,"情報システム部",2020/01/07,"情報システム部",2020/01/07
"T000000341","931331746775179266",2017/11/17 1:22:46,"rikudou_yj","『リクドウ』公式アカウント(最新17巻好評発売中！)",True,True,False,"情報システム部",2020/01/07,"情報システム部",2020/01/07
"T000000343","839346648358633476",2017/03/08 5:26:50,"gineiclub","銀河英雄伝説公式ポータル：オリジナルグッズも販売中！",True,True,False,"情報システム部",2020/01/07,"情報システム部",2020/01/07
"T000000345","1012368262070321152",2018/06/28 16:12:57,"batuque_yj","『バトゥーキ』公式アカウント",True,True,False,"情報システム部",2020/01/07,"情報システム部",2020/01/07
"T000000347","180623425",2010/08/20 2:21:32,"toaru_project","とあるプロジェクト公式",True,True,False,"情報システム部",2020/01/07,"情報システム部",2020/01/07
"T000000348","472569648",2012/01/24 2:41:05,"sao_anime","アニメ ソードアート・オンライン 公式",True,True,False,"情報システム部",2020/01/07,"情報システム部",2020/01/07
"T000000330","870467163651317760",2017/06/02 2:28:39,"battlestudies1","バトルスタディーズ担当@第22巻3月22日発売",True,True,False,"情報システム部",2020/01/07,"自動取得バッチ",2020/01/24 6:43:24
"T000000217","2744236081",2014/08/19 7:06:42,"hinomaru_zumou","『火ノ丸相撲』公式【最終28巻12月4日発売!!】",True,True,False,"情報システム部",2020/01/07,"自動取得バッチ",2020/01/24 6:43:24
"T000000176","971350654634504192",2018/03/07 11:43:37,"V_SAGA_ANIME","TVアニメ「ヴィンランド・サガ」公式",True,True,False,"情報システム部",2020/01/07,"自動取得バッチ",2020/01/24 6:43:24
"T000000023","2595718380",2014/06/30 3:42:52,"myheroacademia","僕のヒーローアカデミア公式【映画「ヒーローズ:ライジング」公開中】",True,True,False,"情報システム部",2020/01/07,"自動取得バッチ",2020/01/24 6:43:24
"T000000005","2888333150",2014/11/03 9:10:31,"NARUTO_kousiki","NARUTO・BORUTO【原作公式】",True,True,False,"情報システム部",2020/01/07,"自動取得バッチ",2020/01/24 6:43:24
"T000000278","1101573931599712256",2019/03/01 20:04:26,"Minamike_YM","みなみけ公式@単行本19巻発売中！",True,True,False,"情報システム部",2020/01/07,"自動取得バッチ",2020/01/24 6:43:24
"T000000268","2829960415",2014/09/24 13:49:17,"heros_ultraman","「ULTRAMAN」2020年4月地上波放送！",True,True,False,"情報システム部",2020/01/07,"自動取得バッチ",2020/01/24 6:43:24
"T000000021","952720643048464384",2018/01/15 1:54:36,"major2nd_tv","アニメ「メジャーセカンド」SP公式⚾4/4(土)午後5時35分放送スタート！",True,True,False,"情報システム部",2020/01/07,"自動取得バッチ",2020/01/24 6:43:24
"T000000048","1036462937475411968",2018/09/03 3:56:35,"kinnikuman_pr","【2020年4月末まで40周年】キン肉マン(集英社)",True,True,False,"情報システム部",2020/01/07,"自動取得バッチ",2020/01/24 6:43:24
"T000000238","1042701061042057216",2018/09/20 9:04:40,"nankoko_anime","TVアニメ『なんでここに先生が!?』公式_BD-BOX好評発売中！",True,True,False,"情報システム部",2020/01/07,"自動取得バッチ",2020/01/24 6:43:24
"T000000208","798726120552050688",2016/11/16 3:15:21,"tsugumomo_anime","「継つぐもも」TVアニメ公式",True,True,False,"情報システム部",2020/01/07,"自動取得バッチ",2020/01/24 6:43:24
"T000000221","996799382719676416",2018/05/16 17:07:47,"kaguya_comic","漫画『かぐや様は告らせたい』@“小学館漫画賞”受賞！",True,True,False,"情報システム部",2020/01/07,"自動取得バッチ",2020/01/24 6:43:24
"T000000266","1058306928567144449",2018/11/02 10:36:48,"STONE_anime_off","アニメ「Ｄｒ．ＳＴＯＮＥ」公式　TVアニメ第2期 制作決定！！",True,True,False,"情報システム部",2020/01/07,"自動取得バッチ",2020/01/24 6:43:24
"T000000251","774180856822759424",2016/09/09 9:41:14,"fumetsunoanatae","『不滅のあなたへ』第12巻発売中",True,True,False,"情報システム部",2020/01/07,"自動取得バッチ",2020/01/24 6:43:24
"T000000196","1032462355316137984",2018/08/23 2:59:42,"asetosekken","あせとせっけん（公式）モーニングにて連載中！【単行本5巻発売中！6巻は2020年1月23日発売！】",True,True,False,"情報システム部",2020/01/07,"自動取得バッチ",2020/01/24 6:43:24
"T000000013","936140224136060928",2017/11/30 7:49:56,"karakuri_anime","TVアニメ「からくりサーカス」公式🎪",True,True,False,"情報システム部",2020/01/07,"自動取得バッチ",2020/01/24 6:43:24
"T000000171","112385867",2010/02/08 9:12:47,"3_lion","３月のライオン情報局☆最新15巻発売中☆",True,True,False,"情報システム部",2020/01/07,"自動取得バッチ",2020/01/24 6:43:24
"T000000242","1059457329710526465",2018/11/05 14:48:05,"jujutsu_PR","呪術廻戦【公式】3/4 JC10巻発売！アニメ化決定！",True,True,False,"情報システム部",2020/01/07,"自動取得バッチ",2020/02/13 16:54:12
"T000000222","838735635435270144",2017/03/06 12:58:53,"satanophany_k","公式『サタノファニ』単行本12巻発売中！",True,True,False,"情報システム部",2020/01/07,"自動取得バッチ",2020/02/13 16:54:12
"T000000320","890081027821117441",2017/07/26 5:27:08,"neun9_ym","髙橋ツトム「NeuN」（ノイン）第⑥巻絶賛発売中‼",True,True,False,"情報システム部",2020/01/07,"自動取得バッチ",2020/02/13 16:54:12
"T000000267","3831999613",2015/10/09 3:01:13,"kyokousuiri_R","TVアニメ1月放送！ 漫画『虚構推理』公式",True,True,False,"情報システム部",2020/01/07,"自動取得バッチ",2020/02/13 16:54:12
"T000000313","745511358175707136",2016/06/22 6:58:53,"AkujoRokudo","【六道の悪女たち】公式 単行本18巻、絶賛発売中！",True,True,False,"情報システム部",2020/01/07,"自動取得バッチ",2020/02/13 16:54:12
"T000000227","4834448385",2016/01/22 7:39:28,"aoashiofficial","【アオアシ】公式／19集 発売中！",True,True,False,"情報システム部",2020/01/07,"自動取得バッチ",2020/02/13 16:54:12
"T000000149","160481944",2010/06/28 8:39:05,"uchu_kyodai","宇宙兄弟 最新37巻絶賛発売中！",True,True,False,"情報システム部",2020/01/07,"自動取得バッチ",2020/02/28 16:51:52
"T000000255","999211661666926592",2018/05/23 8:53:19,"BKMNGTR_IxI","化物語 【⑧巻発売！／漫画公式】",True,True,False,"情報システム部",2020/01/07,"自動取得バッチ",2020/02/28 16:51:52
"T000000256","980788469164212225",2018/04/02 12:46:07,"orient_magazine","『オリエント』公式@8巻発売中‼︎",True,True,False,"情報システム部",2020/01/07,"自動取得バッチ",2020/02/28 16:51:52
"T000000087","957789090165932032",2018/01/29 1:34:48,"harem_official_","終末のハーレム【公式】",True,True,False,"情報システム部",2020/01/07,"自動取得バッチ",2020/02/28 16:51:52
"T000000055","1027380136725831680",2018/08/09 2:24:47,"patlabor0810","「機動警察パトレイバー」公式 名古屋パルコ30周年突破記念展ご来場ありがとうございました！",True,True,False,"情報システム部",2020/01/07,"自動取得バッチ",2020/02/28 16:51:52
"T000000243","885382469234573312",2017/07/13 6:16:45,"ARIFURETA_info","TVアニメ「ありふれた職業で世界最強」BD BOX③発売中✨",True,True,False,"情報システム部",2020/01/07,"自動取得バッチ",2020/02/28 16:51:52
"T000000229","1013703840862855168",2018/07/02 8:40:04,"konooto_anime","TVアニメ「この音とまれ！」★BD7巻&CD2/26発売!!",True,True,False,"情報システム部",2020/01/07,"自動取得バッチ",2020/02/28 16:51:52
