﻿"update_id","update_table","operation","target_name","remarks","update_user","update_time"
69,"m_banner","更新","先週末の国内映画興行収入","3","管理画面 ユーザー",2019/09/20 9:09:42.239
70,"t_top_news","更新","2019年10月1日　i-note（アイノテ）テストリリース","","管理者 ユーザー",2019/09/20 9:18:32.167
71,"m_ip","編集","ハイキュー！！","","管理者 ユーザー",2019/09/20 11:23:55.365
72,"m_ip","編集","グラップラー刃牙（シリーズ）","","管理者 ユーザー",2019/09/20 11:29:16.654
73,"m_ip","編集","七つの大罪","","管理者 ユーザー",2019/09/20 11:32:56.236
74,"m_ip","編集","DRAGON BALL","","管理者 ユーザー",2019/09/20 11:36:12.218
75,"m_ip","編集","マギ","","管理者 ユーザー",2019/09/20 11:38:27.760
76,"m_ip","編集","食戟のソーマ","","管理者 ユーザー",2019/09/20 11:52:08.085
77,"m_ip","編集","銀魂","","管理者 ユーザー",2019/09/20 11:52:56.053
78,"m_ip","編集","魁！男塾","","管理者 ユーザー",2019/09/20 11:56:00.554
79,"m_ip","編集","暗殺教室","","管理者 ユーザー",2019/09/20 11:56:44.444
80,"m_ip","編集","機動戦士ガンダム　THE ORIGIN","","管理者 ユーザー",2019/09/20 11:58:05.228
81,"m_ip","編集","DRAGON QUEST-ダイの大冒険-","","管理者 ユーザー",2019/09/20 11:59:02.416
82,"m_ip","編集","CLAYMORE","","管理者 ユーザー",2019/09/20 11:59:42.801
83,"m_ip","編集","ARMS","","管理者 ユーザー",2019/09/20 12:03:15.860
84,"m_ip","編集","ジョジョの奇妙な冒険（シリーズ）","","管理者 ユーザー",2019/09/20 12:04:08.991
85,"m_ip","編集","ワールドトリガー","","管理者 ユーザー",2019/09/20 12:04:43.827
86,"m_ip","編集","SPACE ADVENTURE COBRA","","管理者 ユーザー",2019/09/20 12:07:19.142
87,"m_ip","編集","ヒカルの碁","","管理者 ユーザー",2019/09/20 12:07:55.794
88,"m_ip","編集","DAYS","","管理者 ユーザー",2019/09/20 12:10:29.432
89,"m_ip","編集","アイシールド21","","管理者 ユーザー",2019/09/20 12:11:06.422
90,"m_ip","編集","ゴッドハンド耀","","管理者 ユーザー",2019/09/20 12:11:40.568
91,"m_ip","編集","ぼのぼの","","管理者 ユーザー",2019/09/20 12:13:01.340
92,"m_ip","編集","capeta","","管理者 ユーザー",2019/09/20 12:13:43.328
93,"m_ip","編集","新世紀エヴァンゲリオン","","管理者 ユーザー",2019/09/20 12:23:09.295
94,"m_ip","編集","魔法使いの嫁","","管理者 ユーザー",2019/09/20 12:47:56.943
95,"m_ip","編集","封神演義","","管理者 ユーザー",2019/09/20 12:55:21.838
96,"m_ip","編集","修羅の門","","管理者 ユーザー",2019/09/20 12:56:49.052
97,"m_ip","編集","幽★遊★白書","","管理者 ユーザー",2019/09/20 12:58:11.510
98,"m_ip","編集","バリバリ伝説","","管理者 ユーザー",2019/09/20 13:04:28.015
99,"m_ip","編集","約束のネバーランド","","管理者 ユーザー",2019/09/20 13:05:05.432
100,"m_ip","編集","機動警察パトレイバー","","管理者 ユーザー",2019/09/20 13:05:46.345
101,"m_ip","編集","海皇紀","","管理者 ユーザー",2019/09/20 13:07:32.904
102,"m_ip","編集","ぼくだけがいない街","","管理者 ユーザー",2019/09/20 13:08:30.868
103,"m_ip","編集","僕のヒーローアカデミア","","管理者 ユーザー",2019/09/20 13:09:58.731
104,"m_ip","編集","銀の匙","","管理者 ユーザー",2019/09/20 13:13:12.198
105,"m_ip","編集","銀の匙","","管理者 ユーザー",2019/09/20 13:14:52.245
106,"m_ip","編集","キン肉マン","","管理者 ユーザー",2019/09/20 13:16:06.564
107,"m_ip","編集","グラップラー刃牙（シリーズ）","","管理者 ユーザー",2019/09/20 13:18:30.256
108,"m_ip","編集","グラップラー刃牙（シリーズ）","","管理者 ユーザー",2019/09/20 13:21:11.568
109,"m_ip","編集","四月は君の嘘","","管理者 ユーザー",2019/09/20 13:21:48.640
110,"m_ip","編集","信長協奏曲","","管理者 ユーザー",2019/09/20 13:22:28.334
111,"m_ip","編集","金田一少年の事件簿","","管理者 ユーザー",2019/09/20 13:24:06.033
112,"m_ip","編集","エリアの騎士","","管理者 ユーザー",2019/09/20 13:25:36.269
113,"m_ip","編集","エリアの騎士","","管理者 ユーザー",2019/09/20 13:27:04.089
114,"m_ip","編集","エリアの騎士","","管理者 ユーザー",2019/09/20 13:28:47.027
115,"m_ip","編集","GS美神　極楽大作戦！！","","管理者 ユーザー",2019/09/20 13:29:44.800
116,"m_ip","編集","モンキーターン","","管理者 ユーザー",2019/09/20 13:30:37.425
117,"m_ip","編集","モンキーターン","","管理者 ユーザー",2019/09/20 13:30:37.753
118,"m_ip","編集","今日から俺は！！","","管理者 ユーザー",2019/09/20 13:32:43.905
119,"m_ip","編集","モンキーターン","","管理者 ユーザー",2019/09/20 13:33:53.204
120,"m_ip","編集","モンキーターン","","管理者 ユーザー",2019/09/20 13:36:28.853
121,"m_ip","編集","今日から俺は！！","","管理者 ユーザー",2019/09/20 13:37:35.309
122,"m_ip","編集","結界師","","管理者 ユーザー",2019/09/20 13:38:24.642
123,"m_ip","編集","結界師","","管理者 ユーザー",2019/09/20 13:43:31.227
124,"m_ip","編集","らんま1/2","","管理者 ユーザー",2019/09/20 13:44:51.747
125,"m_ip","編集","トリコ","","管理者 ユーザー",2019/09/20 13:45:52.295
126,"m_ip","編集","るろうに剣心","","管理者 ユーザー",2019/09/20 13:47:12.227
127,"m_ip","編集","蟲師","","管理者 ユーザー",2019/09/20 13:50:00.531
128,"m_ip","編集","蟲師","","管理者 ユーザー",2019/09/20 13:56:27.221
129,"m_ip","編集","蟲師","","管理者 ユーザー",2019/09/20 13:57:49.381
130,"m_ip","編集","Q.E.D.証明終了","","管理者 ユーザー",2019/09/24 0:39:11.400
131,"m_ip","編集","カメレオン","","管理者 ユーザー",2019/09/24 1:02:06.669
132,"m_ip","編集","絶対可憐チルドレン","","管理者 ユーザー",2019/09/24 1:04:20.293
133,"m_ip","編集","アルスラーン戦記","","管理者 ユーザー",2019/09/24 1:05:53.996
134,"m_ip","編集","アルスラーン戦記","","管理者 ユーザー",2019/09/24 1:06:43.375
135,"m_ip","編集","WORST","","管理者 ユーザー",2019/09/24 1:09:45.755
136,"m_ip","編集","ドメスティックな彼女","","管理者 ユーザー",2019/09/24 1:11:28.938
137,"m_ip","編集","ばらかもん","","管理者 ユーザー",2019/09/24 1:13:11.328
138,"m_ip","編集","MIX","","管理者 ユーザー",2019/09/24 1:14:52.250
139,"m_ip","編集","ブラッククローバー","","管理者 ユーザー",2019/09/24 1:17:14.080
140,"m_ip","編集","青の祓魔師","","管理者 ユーザー",2019/09/24 1:18:17.623
141,"m_ip","編集","クローズ","","管理者 ユーザー",2019/09/24 1:23:31.841
142,"m_ip","編集","悪の華","","管理者 ユーザー",2019/09/24 1:25:50.954
143,"m_ip","編集","To LOVEる-とらぶる-ダークネス","","管理者 ユーザー",2019/09/24 1:27:12.686
144,"m_ip","編集","テニスの王子様","","管理者 ユーザー",2019/09/24 1:28:32.167
145,"m_ip","編集","バクマン","","管理者 ユーザー",2019/09/24 1:29:53.305
146,"m_ip","編集","BECK","","管理者 ユーザー",2019/09/24 1:31:06.683
147,"m_ip","編集","バクマン","","管理者 ユーザー",2019/09/24 1:38:40.329
148,"m_ip","編集","聖闘士星矢","","管理者 ユーザー",2019/09/24 1:39:58.713
149,"m_ip","編集","魔法先生ネギま！　MAGISTER NEGI MAGI","","管理者 ユーザー",2019/09/24 1:42:22.593
150,"m_ip","編集","魔法先生ネギま！　MAGISTER NEGI MAGI","","管理者 ユーザー",2019/09/24 1:43:46.963
151,"m_ip","編集","終末のハーレム","","管理者 ユーザー",2019/09/24 1:48:42.996
152,"m_ip","編集","RAVE","","管理者 ユーザー",2019/09/24 1:51:04.055
153,"m_ip","編集","聲の形","","管理者 ユーザー",2019/09/24 1:52:51.178
154,"m_ip","編集","聲の形","","管理者 ユーザー",2019/09/24 1:54:24.543
155,"m_ip","編集","シュート！","","管理者 ユーザー",2019/09/24 1:55:24.577
156,"m_ip","編集","新・コータローまかりとおる！","","管理者 ユーザー",2019/09/24 1:57:35.201
157,"m_ip","編集","ニセコイ","","管理者 ユーザー",2019/09/24 1:58:44.701
158,"m_ip","編集","ニセコイ","","管理者 ユーザー",2019/09/24 1:59:49.554
159,"m_ip","編集","デッドマン・ワンダーランド","","管理者 ユーザー",2019/09/24 2:02:55.613
160,"m_ip","編集","烈火の炎","","管理者 ユーザー",2019/09/24 2:05:11.238
161,"m_ip","編集","犬夜叉","","管理者 ユーザー",2019/09/24 2:06:35.077
162,"m_ip","編集","エア・ギア","","管理者 ユーザー",2019/09/24 2:08:35.056
163,"m_ip","編集","ましろのおと","","管理者 ユーザー",2019/09/24 2:15:17.551
164,"m_ip","編集","BE BLUES！～青になれ～","","管理者 ユーザー",2019/09/24 2:16:39.336
165,"m_ip","編集","魔人断定脳噛ネウロ","","管理者 ユーザー",2019/09/24 2:17:58.286
166,"m_ip","編集","幼女戦記","","管理者 ユーザー",2019/09/24 2:19:19.469
167,"m_ip","編集","ノラガミ","","管理者 ユーザー",2019/09/24 2:19:56.742
168,"m_ip","編集","DEATH NOTE","","管理者 ユーザー",2019/09/24 2:21:21.344
169,"m_ip","編集","トリニティセブン","","管理者 ユーザー",2019/09/24 2:23:17.160
170,"m_ip","編集","鬼滅の刃","","管理者 ユーザー",2019/09/24 2:24:39.807
171,"m_ip","編集","め組の大吾","","管理者 ユーザー",2019/09/24 2:26:33.735
172,"m_ip","編集","あひるの空","","管理者 ユーザー",2019/09/24 2:27:04.453
173,"m_ip","編集","哲也-雀聖と呼ばれた男-","","管理者 ユーザー",2019/09/24 2:28:05.898
174,"m_ip","編集","境界のRINNE","","管理者 ユーザー",2019/09/24 2:28:39.043
175,"m_ip","編集","KING GOLF","","管理者 ユーザー",2019/09/24 2:29:10.660
176,"m_ip","編集","神さまの言う通り","","管理者 ユーザー",2019/09/24 2:31:50.847
177,"m_ip","編集","D.Gray-man","","管理者 ユーザー",2019/09/24 2:33:00.832
178,"m_ip","編集","月刊少女野崎くん","","管理者 ユーザー",2019/09/24 2:33:45.319
179,"m_ip","編集","Get Backers　奪還屋","","管理者 ユーザー",2019/09/24 2:35:39.358
180,"m_ip","編集","サイコメトラーEIJI","","管理者 ユーザー",2019/09/24 2:37:54.053
181,"m_ip","編集","未来日記","","管理者 ユーザー",2019/09/24 2:39:25.691
182,"m_ip","編集","スーパードクターK","","管理者 ユーザー",2019/09/24 2:40:34.827
183,"m_ip","編集","賭ケグルイ","","管理者 ユーザー",2019/09/24 2:44:11.136
184,"m_ip","編集","UQ HOLDER!","","管理者 ユーザー",2019/09/24 2:45:38.249
185,"m_ip","編集","ブラック・ラグーン","","管理者 ユーザー",2019/09/24 2:51:18.990
186,"m_ip","編集","ボールルームへようこそ","","管理者 ユーザー",2019/09/24 2:51:56.158
187,"m_ip","編集","月光条例","","管理者 ユーザー",2019/09/24 2:52:32.670
188,"m_ip","編集","斉木楠雄のψ難","","管理者 ユーザー",2019/09/24 9:26:46.330
189,"m_ip","編集","ケンガンアシュラ","","管理者 ユーザー",2019/09/24 9:28:28.763
190,"m_ip","編集","ANGEL VOICE","","管理者 ユーザー",2019/09/24 9:29:15.196
191,"m_ip","編集","シティーハンター","","管理者 ユーザー",2019/09/24 9:29:54.693
192,"m_ip","編集","俺の空","","管理者 ユーザー",2019/09/24 9:31:14.446
193,"m_ip","編集","将太の寿司","","管理者 ユーザー",2019/09/24 9:33:21.493
194,"m_ip","編集","SAMURAI DEEPER KYO","","管理者 ユーザー",2019/09/24 9:36:34.956
195,"m_ip","編集","君のいる町","","管理者 ユーザー",2019/09/24 9:37:24.794
196,"m_ip","編集","スプリガン","","管理者 ユーザー",2019/09/24 9:39:40.073
197,"m_ip","編集","家庭教師ヒットマンREBORN！","","管理者 ユーザー",2019/09/24 9:40:26.973
198,"m_ip","編集","家庭教師ヒットマンREBORN！","","管理者 ユーザー",2019/09/24 9:41:35.065
199,"m_ip","編集","ドラゴンクエスト列伝　ロトの紋章","","管理者 ユーザー",2019/09/24 9:43:38.729
200,"m_ip","編集","血界戦線","","管理者 ユーザー",2019/09/24 9:45:41.757
201,"m_ip","編集","まおゆう魔王勇者","","管理者 ユーザー",2019/09/24 9:47:39.931
202,"m_ip","編集","終わりのセラフ","","管理者 ユーザー",2019/09/24 10:00:12.423
203,"m_ip","編集","地獄先生ぬ～べ～","","管理者 ユーザー",2019/09/24 10:10:57.170
204,"m_ip","編集","将国のアルタイル","","管理者 ユーザー",2019/09/24 10:25:10.708
205,"m_ip","編集","ろくでなしBLUES","","管理者 ユーザー",2019/09/24 10:26:15.792
206,"m_ip","編集","BEASTARS","","管理者 ユーザー",2019/09/24 10:27:05.874
207,"m_ip","編集","ファンタジスタ","","管理者 ユーザー",2019/09/24 10:29:09.072
208,"m_ip","編集","シグルイ","","管理者 ユーザー",2019/09/24 10:30:08.443
209,"m_ip","編集","GTO","","管理者 ユーザー",2019/09/24 10:31:03.790
210,"m_ip","編集","我妻さんは俺のヨメ","","管理者 ユーザー",2019/09/24 10:32:53.647
211,"m_ip","編集","機動戦士ガンダムC.D.A.　若き彗星の肖像","","管理者 ユーザー",2019/09/24 10:38:07.260
212,"m_ip","編集","今際の国のアリス","","管理者 ユーザー",2019/09/24 10:40:48.410
213,"m_ip","編集","パンプキン・シザーズ","","管理者 ユーザー",2019/09/24 10:43:41.204
214,"m_ip","編集","宇宙兄弟","","管理者 ユーザー",2019/09/24 10:44:27.961
215,"m_ip","編集","ゴルゴ13","","管理者 ユーザー",2019/09/24 10:51:48.616
216,"m_ip","編集","闇金ウシジマくん","","管理者 ユーザー",2019/09/24 10:53:31.177
217,"m_ip","編集","美味しんぼ","","管理者 ユーザー",2019/09/24 10:56:26.905
218,"m_ip","編集","GIANT KILLING","","管理者 ユーザー",2019/09/24 10:57:12.668
219,"m_ip","編集","ベルセルク","","管理者 ユーザー",2019/09/24 10:58:13.201
220,"m_ip","編集","ベルセルク","","管理者 ユーザー",2019/09/24 10:58:13.429
221,"m_ip","編集","ベルセルク","","管理者 ユーザー",2019/09/24 10:59:26.631
222,"m_ip","編集","ベルセルク","","管理者 ユーザー",2019/09/24 11:02:04.216
223,"m_ip","編集","沈黙の艦隊","","管理者 ユーザー",2019/09/24 11:04:42.163
224,"m_ip","編集","ジパング","","管理者 ユーザー",2019/09/24 11:06:36.122
225,"m_ip","編集","監獄学園","","管理者 ユーザー",2019/09/24 11:08:48.607
226,"m_ip","編集","頭文字＜イニシャル＞D","","管理者 ユーザー",2019/09/24 11:11:24.311
227,"m_ip","編集","GANTZ","","管理者 ユーザー",2019/09/24 11:21:47.448
228,"m_ip","編集","テラフォーマーズ","","管理者 ユーザー",2019/09/24 11:25:35.902
229,"m_ip","編集","インベスターZ","","管理者 ユーザー",2019/09/24 11:26:55.457
230,"m_ip","編集","ゴールデンカムイ","","管理者 ユーザー",2019/09/24 11:27:53.716
231,"m_ip","編集","寄生獣","","管理者 ユーザー",2019/09/24 11:28:31.756
232,"m_ip","編集","ミナミの帝王","","管理者 ユーザー",2019/09/24 11:29:12.904
233,"m_ip","編集","3×3EYES","","管理者 ユーザー",2019/09/24 11:30:38.046
234,"m_ip","編集","3×3EYES","","管理者 ユーザー",2019/09/24 11:32:09.433
235,"m_ip","編集","新宿スワン　歌舞伎町スカウトサバイバル","","管理者 ユーザー",2019/09/24 11:34:17.381
236,"m_ip","編集","東京喰種トーキョーグール","","管理者 ユーザー",2019/09/24 11:36:19.871
237,"m_ip","編集","あずみ","","管理者 ユーザー",2019/09/24 11:39:01.369
238,"m_ip","編集","アイアムアヒーロー","","管理者 ユーザー",2019/09/24 11:39:50.335
239,"m_ip","編集","神の雫","","管理者 ユーザー",2019/09/24 11:41:07.733
240,"m_ip","編集","3月のライオン","","管理者 ユーザー",2019/09/24 11:42:32.836
241,"m_ip","編集","嘘喰い","","管理者 ユーザー",2019/09/24 11:43:03.825
242,"m_ip","編集","課長島耕作","","管理者 ユーザー",2019/09/24 11:43:53.143
243,"m_ip","編集","代紋＜エンブレム＞TAKE2","","管理者 ユーザー",2019/09/24 11:44:28.949
244,"m_ip","編集","蒼天航路","","管理者 ユーザー",2019/09/24 11:45:06.630
245,"m_ip","編集","3月のライオン","","管理者 ユーザー",2019/09/24 11:45:41.353
246,"m_ip","編集","ヴィンランド・サガ","","管理者 ユーザー",2019/09/24 11:47:29.973
247,"m_ip","編集","土竜（モグラ）の唄","","管理者 ユーザー",2019/09/24 11:48:26.325
248,"m_ip","編集","サラリーマン金太郎","","管理者 ユーザー",2019/09/24 11:49:01.688
249,"m_ip","編集","風の大地","","管理者 ユーザー",2019/09/24 11:50:11.848
250,"m_ip","編集","ピアノの森","","管理者 ユーザー",2019/09/24 11:50:42.585
251,"m_ip","編集","ワンパンマン","","管理者 ユーザー",2019/09/24 11:52:00.197
252,"m_ip","編集","医龍","","管理者 ユーザー",2019/09/24 11:54:20.525
253,"m_ip","編集","亜人","","管理者 ユーザー",2019/09/24 11:54:57.880
254,"m_ip","編集","彼岸島","","管理者 ユーザー",2019/09/24 11:55:40.390
255,"m_ip","編集","アイアムアヒーロー","","管理者 ユーザー",2019/09/24 11:59:00.717
256,"m_ip","編集","ウロボロス-警察ヲ裁クハ我ニアリ-","","管理者 ユーザー",2019/09/24 12:01:22.346
257,"m_ip","編集","鬼平犯科帳","","管理者 ユーザー",2019/09/24 12:01:57.299
258,"m_ip","編集","ギャラリーフェイク","","管理者 ユーザー",2019/09/24 12:02:57.849
259,"m_ip","編集","クッキングパパ","","管理者 ユーザー",2019/09/24 12:03:28.183
260,"m_ip","編集","おおきく振りかぶって","","管理者 ユーザー",2019/09/24 12:04:38.845
261,"m_ip","編集","コウノドリ","","管理者 ユーザー",2019/09/24 12:05:57.450
262,"m_ip","編集","無限の住人","","管理者 ユーザー",2019/09/24 12:06:50.195
263,"m_ip","編集","信長のシェフ","","管理者 ユーザー",2019/09/24 12:08:06.832
264,"m_ip","編集","ヒストリエ","","管理者 ユーザー",2019/09/24 12:09:18.413
265,"m_ip","編集","ヒストリエ","","管理者 ユーザー",2019/09/24 12:09:18.527
266,"m_ip","編集","ヒストリエ","","管理者 ユーザー",2019/09/24 12:10:50.191
267,"m_ip","編集","JIN-仁-","","管理者 ユーザー",2019/09/24 12:12:15.144
268,"m_ip","編集","あせとせっけん","","管理者 ユーザー",2019/09/24 12:13:40.803
269,"m_ip","編集","乙嫁語り","","管理者 ユーザー",2019/09/24 12:14:15.484
270,"m_ip","編集","シドニアの騎士","","管理者 ユーザー",2019/09/24 12:15:34.545
271,"m_ip","編集","聖☆おにいさん","","管理者 ユーザー",2019/09/24 12:16:45.611
272,"m_ip","編集","イムリ","","管理者 ユーザー",2019/09/24 12:17:56.197
273,"m_ip","編集","ザ・ファブル","","管理者 ユーザー",2019/09/24 12:18:38.259
274,"m_ip","編集","アカギ","","管理者 ユーザー",2019/09/24 12:19:39.538
275,"m_ip","編集","BTOOOM！","","管理者 ユーザー",2019/09/24 12:21:22.968
276,"m_ip","編集","あさひなぐ","","管理者 ユーザー",2019/09/24 12:22:11.318
277,"m_ip","編集","いぬやしき","","管理者 ユーザー",2019/09/24 12:22:47.877
278,"m_ip","編集","ブラックジャックによろしく","","管理者 ユーザー",2019/09/24 12:24:39.418
279,"m_ip","編集","江戸前の旬","","管理者 ユーザー",2019/09/24 12:26:16.657
280,"m_ip","編集","つぐもも","","管理者 ユーザー",2019/09/24 12:26:45.776
281,"m_ip","編集","ダンジョン飯","","管理者 ユーザー",2019/09/24 12:27:08.221
282,"m_ip","編集","へうげもの","","管理者 ユーザー",2019/09/24 12:27:50.357
283,"m_ip","編集","賭博黙示録カイジ","","管理者 ユーザー",2019/09/24 12:29:17.127
284,"m_ip","編集","賭博黙示録カイジ","","管理者 ユーザー",2019/09/24 12:29:59.021
285,"m_ip","編集","ラストイニング","","管理者 ユーザー",2019/09/24 12:31:35.079
286,"m_ip","編集","蒼天の拳","","管理者 ユーザー",2019/09/24 12:33:16.219
287,"m_ip","編集","アクタージュ","","管理者 ユーザー",2019/09/24 12:34:04.921
288,"m_ip","編集","憂国のモリアーティ","","管理者 ユーザー",2019/09/24 12:34:38.998
289,"m_ip","編集","怪物事変","","管理者 ユーザー",2019/09/24 12:39:21.964
290,"m_ip","編集","火ノ丸相撲","","管理者 ユーザー",2019/09/24 12:40:33.011
291,"m_ip","編集","賢者の孫","","管理者 ユーザー",2019/09/24 12:41:08.552
292,"m_ip","編集","五等分の花嫁","","管理者 ユーザー",2019/09/24 12:41:50.813
293,"m_ip","編集","善悪の屑","","管理者 ユーザー",2019/09/24 12:43:14.602
294,"m_ip","編集","かぐや様は告らせたい","","管理者 ユーザー",2019/09/24 12:44:05.970
295,"m_ip","編集","サタノファニ","","管理者 ユーザー",2019/09/24 12:45:29.478
296,"m_ip","編集","落日のパトス","","管理者 ユーザー",2019/09/24 12:46:28.350
297,"m_ip","編集","異世界迷宮でハーレムを","","管理者 ユーザー",2019/09/24 12:47:11.472
298,"m_ip","編集","空母いぶき","","管理者 ユーザー",2019/09/24 12:47:36.129
299,"m_ip","編集","亜人ちゃんは語りたい","","管理者 ユーザー",2019/09/24 12:47:56.529
300,"m_ip","編集","アオアシ","","管理者 ユーザー",2019/09/24 12:48:48.608
301,"m_ip","編集","マイホームヒーロー","","管理者 ユーザー",2019/09/24 12:51:04.331
302,"m_ip","編集","この音とまれ！","","管理者 ユーザー",2019/09/24 12:52:20.629
303,"m_ip","編集","駆除人","","管理者 ユーザー",2019/09/25 0:35:19.404
304,"m_ip","編集","神達に拾われた男","","管理者 ユーザー",2019/09/25 0:42:20.073
305,"m_ip","編集","ROUTE END","","管理者 ユーザー",2019/09/25 0:44:27.785
306,"m_ip","編集","異世界のんびり農家","","管理者 ユーザー",2019/09/25 0:45:00.447
307,"m_ip","編集","異世界おじさん","","管理者 ユーザー",2019/09/25 0:47:18.836
308,"m_ip","編集","ぼくたちは勉強ができない","","管理者 ユーザー",2019/09/25 0:49:11.181
309,"m_ip","編集","君が僕らを悪魔と呼んだ頃","","管理者 ユーザー",2019/09/25 0:49:59.516
310,"m_ip","編集","なんでここに先生が？","","管理者 ユーザー",2019/09/25 0:51:33.190
311,"m_ip","編集","青のフラッグ","","管理者 ユーザー",2019/09/25 0:52:26.182
312,"m_ip","編集","とんがり帽子のアトリエ","","管理者 ユーザー",2019/09/25 0:53:21.080
313,"m_ip","編集","からかい上手の高木さん","","管理者 ユーザー",2019/09/25 1:13:03.912
314,"m_ip","編集","呪術廻戦","","管理者 ユーザー",2019/09/25 1:13:45.150
315,"m_ip","編集","ありふれた職業で世界最強","","管理者 ユーザー",2019/09/25 1:15:51.531
316,"m_ip","編集","無職転生","","管理者 ユーザー",2019/09/25 1:20:09.143
317,"m_ip","編集","ゴブリンスレイヤー","","管理者 ユーザー",2019/09/25 1:22:43.224
318,"m_ip","編集","ゴルゴ13","","管理者 ユーザー",2019/09/25 1:31:07.930
319,"m_ip","編集","キングダム","","管理者 ユーザー",2019/09/25 1:41:53.161
320,"m_ip","編集","ドリフターズ","","管理者 ユーザー",2019/09/25 1:44:16.660
321,"m_ip","編集","よつばと","","管理者 ユーザー",2019/09/25 1:45:26.999
322,"m_ip","編集","鬼灯の冷徹","","管理者 ユーザー",2019/09/25 1:46:04.991
323,"m_ip","編集","空挺ドラゴンズ","","管理者 ユーザー",2019/09/25 1:47:10.336
324,"m_ip","編集","不滅のあなたへ","","管理者 ユーザー",2019/09/25 1:48:13.461
325,"m_ip","編集","宝石の国","","管理者 ユーザー",2019/09/25 1:48:59.933
326,"m_ip","編集","黒執事","","管理者 ユーザー",2019/09/25 1:50:48.070
327,"m_ip","編集","はたらく細胞","","管理者 ユーザー",2019/09/25 1:51:57.234
328,"m_ip","編集","化物語","","管理者 ユーザー",2019/09/25 1:52:56.279
329,"m_ip","編集","化物語","","管理者 ユーザー",2019/09/25 1:54:09.502
330,"m_ip","編集","オリエント","","管理者 ユーザー",2019/09/25 1:58:23.549
331,"m_ip","編集","EDENS ZERO","","管理者 ユーザー",2019/09/25 1:58:42.366
332,"m_ip","編集","どろろ","","管理者 ユーザー",2019/09/25 1:59:16.087
333,"m_ip","編集","スラムダンク","","管理者 ユーザー",2019/09/25 2:01:38.745
334,"m_ip","編集","ぬらりひょんの孫","","管理者 ユーザー",2019/09/25 2:02:43.904
335,"m_ip","編集","バガボンド","","管理者 ユーザー",2019/09/25 2:03:50.515
336,"m_ip","編集","ソウルイーター","","管理者 ユーザー",2019/09/25 2:04:58.529
337,"m_ip","編集","ヘルシング","","管理者 ユーザー",2019/09/25 2:05:45.153
338,"m_ip","編集","金色のガッシュベル","","管理者 ユーザー",2019/09/25 2:06:44.280
339,"m_ip","編集","人形の国","","管理者 ユーザー",2019/09/25 2:07:51.365
340,"m_ip","編集","Dr.STONE","","管理者 ユーザー",2019/09/25 2:08:36.791
341,"m_ip","編集","虚構推理","","管理者 ユーザー",2019/09/25 2:09:37.330
342,"m_ip","編集","ULTRAMAN","","管理者 ユーザー",2019/09/25 2:10:08.203
343,"m_ip","編集","100万の命の上に俺は立っている","","管理者 ユーザー",2019/09/25 2:10:28.742
344,"m_ip","編集","この素晴らしい世界に祝福を！","","管理者 ユーザー",2019/09/25 2:11:48.175
345,"m_ip","編集","マズ飯エルフと遊牧暮らし","","管理者 ユーザー",2019/09/25 2:13:24.930
346,"m_ip","編集","ゆらぎ荘の幽奈さん","","管理者 ユーザー",2019/09/25 2:14:17.183
347,"m_ip","編集","政宗くんのリベンジ","","管理者 ユーザー",2019/09/25 2:14:45.819
348,"m_ip","編集","ランウェイで笑って","","管理者 ユーザー",2019/09/25 2:15:30.714
349,"m_ip","編集","世話やきキツネの仙狐さん","","管理者 ユーザー",2019/09/25 2:16:37.183
350,"m_ip","編集","SHAMAN KING","","管理者 ユーザー",2019/09/25 2:17:03.972
351,"m_ip","編集","アフロ田中","","管理者 ユーザー",2019/09/25 2:17:37.687
352,"m_ip","編集","みなみけ","","管理者 ユーザー",2019/09/25 2:19:35.138
353,"m_ip","編集","ハイスコアガール","","管理者 ユーザー",2019/09/25 2:22:00.577
354,"m_ip","編集","モブサイコ100","","管理者 ユーザー",2019/09/25 2:23:53.103
355,"m_ip","編集","灼熱カバディ","","管理者 ユーザー",2019/09/25 2:25:02.090
356,"m_ip","編集","BORUTO -ボルト- -NARUTO NEXT GENERATIONS-","","管理者 ユーザー",2019/09/25 2:33:25.075
357,"m_ip","編集","べるぜバブ","","管理者 ユーザー",2019/09/25 2:34:10.320
358,"m_ip","編集","ボボボーボ・ボーボボ","","管理者 ユーザー",2019/09/25 2:39:54.839
359,"m_ip","編集","いちご100%","","管理者 ユーザー",2019/09/25 2:40:45.152
360,"m_ip","編集","ライジングインパクト","","管理者 ユーザー",2019/09/25 2:43:22.794
361,"m_ip","編集","ホイッスル！","","管理者 ユーザー",2019/09/25 2:44:55.193
362,"m_ip","編集","ROOKIES","","管理者 ユーザー",2019/09/25 2:46:08.579
363,"m_ip","編集","世紀末リーダー伝たけし！","","管理者 ユーザー",2019/09/25 2:47:36.585
364,"m_ip","編集","I""s","","管理者 ユーザー",2019/09/25 2:48:30.011
365,"m_ip","編集","BASTARD!! -暗黒の破壊神-","","管理者 ユーザー",2019/09/25 2:49:32.147
366,"m_ip","編集","NINKU-忍空-","","管理者 ユーザー",2019/09/25 2:49:58.663
367,"m_ip","編集","リングにかけろ","","管理者 ユーザー",2019/09/25 2:51:00.454
368,"m_ip","編集","ラブひな","","管理者 ユーザー",2019/09/25 2:52:12.142
369,"m_ip","編集","BOYS BE…","","管理者 ユーザー",2019/09/25 2:52:43.339
370,"m_ip","編集","探偵学園Q","","管理者 ユーザー",2019/09/25 2:53:06.272
371,"m_ip","編集","魁!!クロマティ高校","","管理者 ユーザー",2019/09/25 2:54:47.851
372,"m_ip","編集","遊☆戯☆王","","管理者 ユーザー",2019/09/25 2:58:52.521
373,"m_ip","編集","遊☆戯☆王","","管理者 ユーザー",2019/09/25 3:00:15.066
374,"m_ip","編集","修羅の門","","管理者 ユーザー",2019/09/25 3:01:10.398
375,"m_ip","編集","スクールランブル","","管理者 ユーザー",2019/09/25 4:02:59.893
376,"m_ip","編集","夜桜四重奏 ?ヨザクラカルテット?","","管理者 ユーザー",2019/09/25 4:08:17.957
377,"m_ip","編集","妖怪アパートの幽雅な日常","","管理者 ユーザー",2019/09/25 4:08:58.596
378,"m_ip","編集","まじもじるるも","","管理者 ユーザー",2019/09/25 4:11:07.339
379,"m_ip","編集","怪物王女","","管理者 ユーザー",2019/09/25 4:11:55.893
380,"m_ip","編集","revisions","","管理者 ユーザー",2019/09/25 4:13:27.847
381,"m_ip","編集","ヒプノシスマイク","","管理者 ユーザー",2019/09/25 4:14:40.583
382,"m_ip","編集","ハリガネサービス","","管理者 ユーザー",2019/09/25 4:16:11.344
383,"m_ip","編集","魔入りました!入間くん","","管理者 ユーザー",2019/09/25 4:17:17.348
384,"m_ip","編集","ヒマワリ","","管理者 ユーザー",2019/09/25 4:18:52.090
385,"m_ip","編集","魔法少女サイト","","管理者 ユーザー",2019/09/25 4:19:43.554
386,"m_ip","編集","浦安鉄筋家族","","管理者 ユーザー",2019/09/25 4:20:23.139
387,"m_ip","編集","魔法少女サイト","","管理者 ユーザー",2019/09/25 4:21:35.327
388,"m_ip","編集","ジュニオール","","管理者 ユーザー",2019/09/25 4:23:02.800
389,"m_ip","編集","吸血鬼すぐ死ぬ","","管理者 ユーザー",2019/09/25 4:23:38.814
390,"m_ip","編集","六道の悪女たち","","管理者 ユーザー",2019/09/25 4:24:16.537
391,"m_ip","編集","センゴク","","管理者 ユーザー",2019/09/25 4:24:56.589
392,"m_ip","編集","アルキメデスの大戦","","管理者 ユーザー",2019/09/25 4:25:29.587
393,"m_ip","編集","手品先輩","","管理者 ユーザー",2019/09/25 4:26:02.612
394,"m_ip","編集","SEVEN☆STAR","","管理者 ユーザー",2019/09/25 4:26:35.636
395,"m_ip","編集","ソウナンですか?","","管理者 ユーザー",2019/09/25 4:29:15.993
396,"m_ip","編集","パラレルパラダイス","","管理者 ユーザー",2019/09/25 4:31:31.052
397,"m_ip","編集","NeuN","","管理者 ユーザー",2019/09/25 4:32:03.861
398,"m_ip","編集","バジリスク","","管理者 ユーザー",2019/09/25 4:34:48.935
399,"m_ip","編集","MFゴースト","","管理者 ユーザー",2019/09/25 4:35:41.568
400,"m_ip","編集","親愛なる僕へ殺意をこめて","","管理者 ユーザー",2019/09/25 4:36:07.086
401,"m_ip","編集","私の少年","","管理者 ユーザー",2019/09/25 4:36:41.631
402,"m_ip","編集","アンダーニンジャ","","管理者 ユーザー",2019/09/25 4:37:59.596
403,"m_ip","編集","KING BOTTOM","","管理者 ユーザー",2019/09/25 4:38:28.119
404,"m_ip","編集","蒼穹のアリアドネ","","管理者 ユーザー",2019/09/25 4:39:07.156
405,"m_ip","編集","switch","","管理者 ユーザー",2019/09/25 4:39:35.076
406,"m_ip","編集","双亡亭壊すべし","","管理者 ユーザー",2019/09/25 4:40:49.496
407,"m_ip","編集","バトルスタディーズ","","管理者 ユーザー",2019/09/25 4:41:12.597
408,"m_ip","編集","CITY","","管理者 ユーザー",2019/09/25 4:42:05.063
409,"m_ip","編集","はじめアルゴリズム","","管理者 ユーザー",2019/09/25 4:43:04.934
410,"m_ip","編集","ハコヅメ?交番女子の逆襲?","","管理者 ユーザー",2019/09/25 4:44:04.903
411,"m_ip","編集","ハーン ?草と鉄と羊?","","管理者 ユーザー",2019/09/25 4:44:39.122
412,"m_ip","編集","ハコヅメ?交番女子の逆襲?","","管理者 ユーザー",2019/09/25 4:46:19.532
413,"m_ip","編集","ハーン -草と鉄と羊-","","管理者 ユーザー",2019/09/25 4:47:33.490
414,"m_ip","編集","ドラゴン桜","","管理者 ユーザー",2019/09/25 4:48:41.693
415,"m_ip","編集","グラゼニ","","管理者 ユーザー",2019/09/25 4:49:42.153
416,"m_ip","編集","KILLER APE","","管理者 ユーザー",2019/09/25 4:50:26.785
417,"m_ip","編集","プラチナエンド","","管理者 ユーザー",2019/09/25 4:51:59.902
418,"m_ip","編集","BOXER's BLAST","","管理者 ユーザー",2019/09/25 4:52:44.870
419,"m_ip","編集","双星の陰陽師","","管理者 ユーザー",2019/09/25 4:53:18.576
420,"m_ip","編集","リクドウ","","管理者 ユーザー",2019/09/25 4:54:30.925
421,"m_ip","編集","BUNGO -ブンゴ-","","管理者 ユーザー",2019/09/25 5:01:46.365
422,"m_ip","編集","銀河英雄伝説","","管理者 ユーザー",2019/09/25 5:02:14.424
423,"m_ip","編集","ドロ刑","","管理者 ユーザー",2019/09/25 5:05:35.843
424,"m_ip","編集","バトゥーキ","","管理者 ユーザー",2019/09/25 5:07:33.446
425,"m_ip","編集","TIENPO -ティエンポ-","","管理者 ユーザー",2019/09/25 5:09:26.517
426,"m_ip","編集","とある魔術の禁書目録（シリーズ）","","管理者 ユーザー",2019/09/25 5:10:41.216
427,"m_ip","編集","ソードアート・オンライン（シリーズ）","","管理者 ユーザー",2019/09/25 5:12:17.561
428,"m_ip","編集","とある魔術の禁書目録（シリーズ）","","管理者 ユーザー",2019/09/25 5:14:55.494
429,"m_ip","編集","とある魔術の禁書目録（シリーズ）","","管理者 ユーザー",2019/09/25 5:16:44.760
430,"m_ip","編集","名探偵コナン","","管理者 ユーザー",2019/09/25 5:22:37.206
431,"m_ip","編集","鋼の錬金術師","","管理者 ユーザー",2019/09/25 5:24:22.593
432,"m_ip","編集","鋼の錬金術師","","管理者 ユーザー",2019/09/25 5:25:45.739
433,"m_ip","編集","ブラック・ジャック","","管理者 ユーザー",2019/09/25 5:28:44.925
434,"m_ip","編集","ファンタジスタ","","管理者 ユーザー",2019/09/25 6:41:10.889
435,"m_ip","編集","ONE PIECE","","管理者 ユーザー",2019/09/26 2:54:32.039
436,"m_ip","編集","BLEACH","","管理者 ユーザー",2019/09/26 2:59:38.882
437,"m_ip","編集","ヒカルの碁","","管理者 ユーザー",2019/09/26 3:00:46.984
438,"m_ip","編集","FAIRY TAIL","","管理者 ユーザー",2019/09/26 10:15:22.989
439,"m_ip","編集","DRAGON QUEST-ダイの大冒険-","","管理者 ユーザー",2019/09/26 10:15:56.115
440,"m_ip","編集","銀の匙","","管理者 ユーザー",2019/09/26 10:16:31.306
441,"m_ip","編集","SPACE ADVENTURE COBRA","","管理者 ユーザー",2019/09/26 10:17:02.841
442,"m_ip","編集","幽★遊★白書","","管理者 ユーザー",2019/09/26 10:17:39.429
443,"m_ip","編集","封神演義","","管理者 ユーザー",2019/09/27 1:06:46.813
444,"m_ip","編集","幽★遊★白書","","管理者 ユーザー",2019/09/27 1:09:16.938
445,"m_ip","編集","ドメスティックな彼女","","管理者 ユーザー",2019/09/27 1:11:53.893
446,"m_ip","編集","ドメスティックな彼女","","管理者 ユーザー",2019/09/27 1:28:43.156
447,"m_ip","編集","RAVE","","管理者 ユーザー",2019/09/27 1:30:07.577
448,"m_ip","編集","鬼滅の刃","","管理者 ユーザー",2019/09/27 1:31:09.672
449,"m_ip","編集","シティーハンター","","管理者 ユーザー",2019/09/27 1:32:03.631
450,"m_ip","編集","ドラゴンクエスト列伝　ロトの紋章","","管理者 ユーザー",2019/09/27 1:33:26.053
451,"m_ip","編集","地獄先生ぬ～べ～","","管理者 ユーザー",2019/09/27 1:34:49.162
452,"m_ip","編集","頭文字＜イニシャル＞D","","管理者 ユーザー",2019/09/27 1:35:52.021
453,"m_ip","編集","頭文字＜イニシャル＞D","","管理者 ユーザー",2019/09/27 1:37:33.236
454,"m_ip","編集","頭文字＜イニシャル＞D","","管理者 ユーザー",2019/09/27 1:38:12.281
455,"m_ip","編集","ファンタジスタ","","管理者 ユーザー",2019/09/27 1:40:14.884
456,"m_ip","編集","ファンタジスタ","","管理者 ユーザー",2019/09/27 1:41:02.548
457,"m_ip","編集","ゴールデンカムイ","","管理者 ユーザー",2019/09/27 1:42:35.578
458,"m_ip","編集","3×3EYES","","管理者 ユーザー",2019/09/27 1:44:15.052
459,"m_ip","編集","3×3EYES","","管理者 ユーザー",2019/09/27 1:46:30.317
460,"m_ip","編集","神の雫","","管理者 ユーザー",2019/09/27 1:47:20.884
461,"m_ip","編集","アカギ","","管理者 ユーザー",2019/09/27 1:49:05.314
462,"m_ip","編集","キングダム","","管理者 ユーザー",2019/09/27 1:50:35.744
463,"m_ip","編集","NINKU-忍空-","","管理者 ユーザー",2019/09/27 1:52:02.937
464,"m_ip","編集","スクールランブル","","管理者 ユーザー",2019/09/27 1:58:01.335
465,"m_ip","編集","浦安鉄筋家族","","管理者 ユーザー",2019/09/27 1:59:05.360
466,"m_ip","編集","バクマン。","","管理者 ユーザー",2019/09/27 2:49:45.257
467,"m_ip","編集","ソードアート・オンライン（シリーズ）","","管理者 ユーザー",2019/09/27 4:28:58.540
468,"m_ip","編集","BE BLUES！～青になれ～","","管理者 ユーザー",2019/09/27 7:56:46.889
469,"m_ip","編集","将太の寿司","","管理者 ユーザー",2019/09/27 7:59:31.429
470,"m_ip","編集","ぬらりひょんの孫","","管理者 ユーザー",2019/09/27 8:01:17.633
471,"m_ip","編集","怪物事変","","管理者 ユーザー",2019/09/27 8:17:44.673
472,"m_ip","編集","KING BOTTOM","","情報システム部 口石",2019/11/05 11:00:50.405
473,"m_book","削除","ヒプノシスマイクーＤｉｖｉｓｉｏｎ　Ｒａｐ　Ｂａｔｔｌｅーｓｉｄｅ　Ｆ．Ｐ　＆　Ｍ　[１]","","情報システム部 口石",2019/11/29 15:23:01.438
1,"m_ip","追加","ソードアート・オンライン（シリーズ）","","メディア部 ○○",2019/09/04 6:35:48.315
2,"m_ip","追加","進撃の巨人","","メディア部 ○○",2019/09/04 8:53:46.277
3,"m_banner","更新","アニメマーケティング白書2018","1","メディア部 ○○",2019/09/06 5:11:19.280
4,"m_banner","更新","バナー１","1","メディア部 ○○",2019/09/06 5:45:55.243
5,"m_banner","更新","バナー１","1","メディア部 ○○",2019/09/06 5:47:45.873
6,"m_banner","更新","バナー１","1","メディア部 ○○",2019/09/06 5:49:05.123
7,"m_banner","更新","バナー１","1","メディア部 ○○",2019/09/06 5:54:33.655
8,"m_banner","更新","バナー２","2","メディア部 ○○",2019/09/06 5:55:17.849
9,"m_banner","更新","バナー３","3","メディア部 ○○",2019/09/06 5:55:31.495
10,"t_top_news","追加","2019年10月1日　IP-DDSリリース！！！","","メディア部 ○○",2019/09/06 7:04:06.811
11,"m_ip","編集","進撃の巨人","","メディア部 ○○",2019/09/06 10:17:46.264
12,"m_ip","編集","進撃の巨人","","メディア部 ○○",2019/09/06 10:24:21.228
13,"m_ip","編集","寄生獣","","メディア部 ○○",2019/09/19 10:20:49.537
14,"m_ip","編集","進撃の巨人","","メディア部 ○○",2019/09/19 10:23:28.785
15,"m_ip","編集","進撃の巨人","","メディア部 ○○",2019/09/19 10:23:45.889
16,"m_ip","編集","進撃の巨人","","メディア部 ○○",2019/09/19 10:26:42.361
17,"m_ip","編集","進撃の巨人","","メディア部 ○○",2019/09/19 10:29:20.489
18,"m_ip","編集","進撃の巨人","","メディア部 ○○",2019/09/19 10:30:38.302
19,"m_ip","編集","わんぴーす","","メディア部 ○○",2019/09/19 10:33:36.140
20,"m_ip","編集","進撃の巨人","","メディア部 ○○",2019/09/19 10:34:42.547
21,"m_ip","編集","弱虫ペダル","","メディア部 ○○",2019/09/19 10:46:36.263
22,"m_ip","編集","わんぴーす","","メディア部 ○○",2019/09/19 10:47:09.634
23,"m_ip","編集","進撃の巨人","","メディア部 ○○",2019/09/19 10:47:16.378
24,"m_ip","編集","わんぴーす","","メディア部 ○○",2019/09/19 10:47:21.942
25,"m_ip","編集","北斗の拳","","メディア部 ○○",2019/09/19 10:49:24.809
26,"m_ip","編集","はんたーはんたー","","メディア部 ○○",2019/09/19 11:47:07.450
27,"m_ip","編集","鋼の錬金術師","","メディア部 ○○",2019/09/19 12:01:39.787
28,"m_ip","編集","ベイビーステップ","","メディア部 ○○",2019/09/19 12:01:59.619
29,"m_ip","編集","ベイビーステップ","","メディア部 ○○",2019/09/19 12:03:01.524
30,"m_ip","編集","名探偵コナン","","メディア部 ○○",2019/09/19 12:03:37.158
31,"m_ip","編集","強殖装甲ガイバー","","メディア部 ○○",2019/09/19 12:04:59.096
32,"m_ip","編集","からくりサーカス","","メディア部 ○○",2019/09/19 12:09:20.490
33,"m_ip","編集","ブラック・ジャック","","メディア部 ○○",2019/09/19 12:09:34.839
34,"m_ip","編集","ブラック・ジャック","","メディア部 ○○",2019/09/19 12:10:12.302
35,"m_ip","編集","転生したらスライムだった件","","メディア部 ○○",2019/09/20 0:38:36.442
36,"m_ip","編集","オーバーロード","","メディア部 ○○",2019/09/20 0:40:36.825
37,"m_ip","編集","ゆるキャン△","","メディア部 ○○",2019/09/20 0:41:43.472
38,"m_ip","編集","盾の勇者の成り上がり","","メディア部 ○○",2019/09/20 0:44:44.997
39,"m_ip","編集","弱虫ペダル","","メディア部 ○○",2019/09/20 0:46:48.109
40,"m_ip","編集","なると","","メディア部 ○○",2019/09/20 0:50:39.224
41,"m_ip","編集","進撃の巨人","","メディア部 ○○",2019/09/20 0:51:38.897
42,"m_ip","編集","進撃の巨人","","メディア部 ○○",2019/09/20 0:52:26.126
43,"m_ip","編集","進撃の巨人","","メディア部 ○○",2019/09/20 0:54:06.156
44,"m_ip","編集","進撃の巨人","","メディア部 ○○",2019/09/20 1:14:32.760
45,"m_ip","編集","進撃の巨人","","メディア部 ○○",2019/09/20 1:34:11.199
46,"m_ip","編集","進撃の巨人","","メディア部 ○○",2019/09/20 1:34:18.728
47,"m_ip","編集","進撃の巨人","","メディア部 ○○",2019/09/20 1:34:26.395
48,"m_ip","編集","ONE PIECE","","メディア部 ○○",2019/09/20 5:25:20.528
49,"m_ip","編集","NARUTO","","メディア部 ○○",2019/09/20 5:25:44.227
50,"m_ip","編集","ソードアート・オンライン（シリーズ）","","メディア部 ○○",2019/09/20 6:10:57.974
51,"m_banner","更新","バナー１","1","メディア部 ○○",2019/09/20 7:35:21.480
52,"m_banner","更新","バナー１","1","メディア部 ○○",2019/09/20 7:36:08.626
53,"m_ip","編集","とある魔術の禁書目録（シリーズ）","","メディア部 ○○",2019/09/20 7:37:08.212
54,"m_banner","更新","バナー１","1","メディア部 ○○",2019/09/20 7:42:32.899
55,"m_ip","編集","MAJOR","","メディア部 ○○",2019/09/20 7:46:13.902
56,"m_ip","編集","黒子のバスケ","","メディア部 ○○",2019/09/20 7:49:33.610
57,"m_banner","更新","バナー１","1","メディア部 ○○",2019/09/20 7:52:04.216
58,"m_banner","更新","バナー１","1","管理者 ユーザー",2019/09/20 8:17:54.063
59,"m_banner","更新","2019年度IPベーシック調査結果","1","管理者 ユーザー",2019/09/20 8:21:34.470
60,"m_banner","更新","2019年度IPベーシック調査結果","1","管理者 ユーザー",2019/09/20 8:32:39.838
61,"m_banner","更新","宝塚歌劇のファン・ファン予備軍についての調査","2","管理画面 ユーザー",2019/09/20 8:36:16.162
62,"m_ip","編集","こちら葛飾区亀有公園前派出所","","管理者 ユーザー",2019/09/20 8:54:12.299
63,"m_ip","編集","BLEACH","","管理者 ユーザー",2019/09/20 8:56:03.358
64,"m_ip","編集","FAIRY TAIL","","管理者 ユーザー",2019/09/20 8:57:01.547
65,"m_ip","編集","うしおととら","","管理者 ユーザー",2019/09/20 8:58:39.355
66,"m_ip","編集","ダイヤのA","","管理者 ユーザー",2019/09/20 9:02:41.900
67,"m_ip","編集","ダイヤのA","","管理者 ユーザー",2019/09/20 9:03:46.528
68,"m_banner","更新","先週末の国内映画興行収入","3","管理画面 ユーザー",2019/09/20 9:08:09.491
